[1/533] Linking CXX static library tests/libmarkamp_core.a
[2/533] Linking CXX executable tests/test_theme_loader
ld: warning: ignoring duplicate libraries: '-lm', 'vcpkg_installed/arm64-osx/debug/lib/libnanosvg.a', 'vcpkg_installed/arm64-osx/debug/lib/libnanosvgrast.a', 'vcpkg_installed/arm64-osx/debug/lib/libz.a'
[3/533] Linking CXX executable tests/test_editor_qol
ld: warning: ignoring duplicate libraries: '-lm', 'vcpkg_installed/arm64-osx/debug/lib/libnanosvg.a', 'vcpkg_installed/arm64-osx/debug/lib/libnanosvgrast.a', 'vcpkg_installed/arm64-osx/debug/lib/libz.a'
[4/533] Linking CXX executable tests/test_performance_infra
ld: warning: ignoring duplicate libraries: '-lm', 'vcpkg_installed/arm64-osx/debug/lib/libnanosvg.a', 'vcpkg_installed/arm64-osx/debug/lib/libnanosvgrast.a', 'vcpkg_installed/arm64-osx/debug/lib/libz.a'
[5/533] Linking CXX executable tests/test_perf_patterns_21_40
ld: warning: ignoring duplicate libraries: '-lm', 'vcpkg_installed/arm64-osx/debug/lib/libnanosvg.a', 'vcpkg_installed/arm64-osx/debug/lib/libnanosvgrast.a', 'vcpkg_installed/arm64-osx/debug/lib/libz.a'
[6/533] Linking CXX executable tests/test_json_renderer
ld: warning: ignoring duplicate libraries: '-lm', 'vcpkg_installed/arm64-osx/debug/lib/libnanosvg.a', 'vcpkg_installed/arm64-osx/debug/lib/libnanosvgrast.a', 'vcpkg_installed/arm64-osx/debug/lib/libz.a'
[7/533] Linking CXX executable tests/test_script_renderer
ld: warning: ignoring duplicate libraries: '-lm', 'vcpkg_installed/arm64-osx/debug/lib/libnanosvg.a', 'vcpkg_installed/arm64-osx/debug/lib/libnanosvgrast.a', 'vcpkg_installed/arm64-osx/debug/lib/libz.a'
[8/533] Linking CXX executable tests/test_split_view_advanced
ld: warning: ignoring duplicate libraries: '-lm', 'vcpkg_installed/arm64-osx/debug/lib/libnanosvg.a', 'vcpkg_installed/arm64-osx/debug/lib/libnanosvgrast.a', 'vcpkg_installed/arm64-osx/debug/lib/libz.a'
[9/533] Linking CXX executable tests/test_sidebar_filter
ld: warning: ignoring duplicate libraries: '-lm', 'vcpkg_installed/arm64-osx/debug/lib/libnanosvg.a', 'vcpkg_installed/arm64-osx/debug/lib/libnanosvgrast.a', 'vcpkg_installed/arm64-osx/debug/lib/libz.a'
[10/533] Linking CXX executable tests/test_mermaid_phase3
ld: warning: ignoring duplicate libraries: '-lm', 'vcpkg_installed/arm64-osx/debug/lib/libnanosvg.a', 'vcpkg_installed/arm64-osx/debug/lib/libnanosvgrast.a', 'vcpkg_installed/arm64-osx/debug/lib/libz.a'
[11/533] Linking CXX executable tests/test_theme_phase4
ld: warning: ignoring duplicate libraries: '-lm', 'vcpkg_installed/arm64-osx/debug/lib/libnanosvg.a', 'vcpkg_installed/arm64-osx/debug/lib/libnanosvgrast.a', 'vcpkg_installed/arm64-osx/debug/lib/libz.a'
[12/533] Linking CXX executable tests/test_visual_polish
ld: warning: ignoring duplicate libraries: '-lm', 'vcpkg_installed/arm64-osx/debug/lib/libnanosvg.a', 'vcpkg_installed/arm64-osx/debug/lib/libnanosvgrast.a', 'vcpkg_installed/arm64-osx/debug/lib/libz.a'
[13/533] Linking CXX executable tests/test_crash_regressions
ld: warning: ignoring duplicate libraries: '-lm', 'vcpkg_installed/arm64-osx/debug/lib/libnanosvg.a', 'vcpkg_installed/arm64-osx/debug/lib/libnanosvgrast.a', 'vcpkg_installed/arm64-osx/debug/lib/libz.a'
[14/533] Linking CXX executable tests/test_feature_registry
ld: warning: ignoring duplicate libraries: '-lm', 'vcpkg_installed/arm64-osx/debug/lib/libnanosvg.a', 'vcpkg_installed/arm64-osx/debug/lib/libnanosvgrast.a', 'vcpkg_installed/arm64-osx/debug/lib/libz.a'
[15/533] Linking CXX executable tests/test_extension_manifest
ld: warning: ignoring duplicate libraries: '-lm', 'vcpkg_installed/arm64-osx/debug/lib/libnanosvg.a', 'vcpkg_installed/arm64-osx/debug/lib/libnanosvgrast.a', 'vcpkg_installed/arm64-osx/debug/lib/libz.a'
[16/533] Linking CXX executable tests/test_extension_scanner
ld: warning: ignoring duplicate libraries: '-lm', 'vcpkg_installed/arm64-osx/debug/lib/libnanosvg.a', 'vcpkg_installed/arm64-osx/debug/lib/libnanosvgrast.a', 'vcpkg_installed/arm64-osx/debug/lib/libz.a'
[17/533] Linking CXX executable tests/test_plugin_manager_v2
ld: warning: ignoring duplicate libraries: '-lm', 'vcpkg_installed/arm64-osx/debug/lib/libnanosvg.a', 'vcpkg_installed/arm64-osx/debug/lib/libnanosvgrast.a', 'vcpkg_installed/arm64-osx/debug/lib/libz.a'
[18/533] Linking CXX executable tests/test_vsix_service
ld: warning: ignoring duplicate libraries: '-lm', 'vcpkg_installed/arm64-osx/debug/lib/libnanosvg.a', 'vcpkg_installed/arm64-osx/debug/lib/libnanosvgrast.a', 'vcpkg_installed/arm64-osx/debug/lib/libz.a'
[19/533] Linking CXX executable tests/test_gallery_service
ld: warning: ignoring duplicate libraries: '-lm', 'vcpkg_installed/arm64-osx/debug/lib/libnanosvg.a', 'vcpkg_installed/arm64-osx/debug/lib/libnanosvgrast.a', 'vcpkg_installed/arm64-osx/debug/lib/libz.a'
[20/533] Linking CXX executable tests/test_extension_management
ld: warning: ignoring duplicate libraries: '-lm', 'vcpkg_installed/arm64-osx/debug/lib/libnanosvg.a', 'vcpkg_installed/arm64-osx/debug/lib/libnanosvgrast.a', 'vcpkg_installed/arm64-osx/debug/lib/libz.a'
[21/533] Linking CXX executable tests/test_builtin_plugins
ld: warning: ignoring duplicate libraries: '-lm', 'vcpkg_installed/arm64-osx/debug/lib/libnanosvg.a', 'vcpkg_installed/arm64-osx/debug/lib/libnanosvgrast.a', 'vcpkg_installed/arm64-osx/debug/lib/libz.a'
[22/533] Linking CXX executable tests/test_context_keys
ld: warning: ignoring duplicate libraries: '-lm', 'vcpkg_installed/arm64-osx/debug/lib/libnanosvg.a', 'vcpkg_installed/arm64-osx/debug/lib/libnanosvgrast.a', 'vcpkg_installed/arm64-osx/debug/lib/libz.a'
[23/533] Linking CXX executable tests/test_extension_services
ld: warning: ignoring duplicate libraries: '-lm', 'vcpkg_installed/arm64-osx/debug/lib/libnanosvg.a', 'vcpkg_installed/arm64-osx/debug/lib/libnanosvgrast.a', 'vcpkg_installed/arm64-osx/debug/lib/libz.a'
[24/533] Linking CXX executable tests/test_extension_integration
ld: warning: ignoring duplicate libraries: '-lm', 'vcpkg_installed/arm64-osx/debug/lib/libnanosvg.a', 'vcpkg_installed/arm64-osx/debug/lib/libnanosvgrast.a', 'vcpkg_installed/arm64-osx/debug/lib/libz.a'
[25/533] Linking CXX executable tests/test_p1_p4_services
ld: warning: ignoring duplicate libraries: '-lm', 'vcpkg_installed/arm64-osx/debug/lib/libnanosvg.a', 'vcpkg_installed/arm64-osx/debug/lib/libnanosvgrast.a', 'vcpkg_installed/arm64-osx/debug/lib/libz.a'
[26/533] Linking CXX executable tests/test_service_wiring
ld: warning: ignoring duplicate libraries: '-lm', 'vcpkg_installed/arm64-osx/debug/lib/libnanosvg.a', 'vcpkg_installed/arm64-osx/debug/lib/libnanosvgrast.a', 'vcpkg_installed/arm64-osx/debug/lib/libz.a'
[27/533] Linking CXX executable tests/test_eventbus_queuing
ld: warning: ignoring duplicate libraries: '-lm', 'vcpkg_installed/arm64-osx/debug/lib/libnanosvg.a', 'vcpkg_installed/arm64-osx/debug/lib/libnanosvgrast.a', 'vcpkg_installed/arm64-osx/debug/lib/libz.a'
[28/533] Linking CXX executable tests/test_builtin_plugin_behavior
ld: warning: ignoring duplicate libraries: '-lm', 'vcpkg_installed/arm64-osx/debug/lib/libnanosvg.a', 'vcpkg_installed/arm64-osx/debug/lib/libnanosvgrast.a', 'vcpkg_installed/arm64-osx/debug/lib/libz.a'
[29/533] Linking CXX executable tests/test_feature_guard_integration
ld: warning: ignoring duplicate libraries: '-lm', 'vcpkg_installed/arm64-osx/debug/lib/libnanosvg.a', 'vcpkg_installed/arm64-osx/debug/lib/libnanosvgrast.a', 'vcpkg_installed/arm64-osx/debug/lib/libz.a'
[30/533] Linking CXX executable tests/test_panel_data_flow
ld: warning: ignoring duplicate libraries: '-lm', 'vcpkg_installed/arm64-osx/debug/lib/libnanosvg.a', 'vcpkg_installed/arm64-osx/debug/lib/libnanosvgrast.a', 'vcpkg_installed/arm64-osx/debug/lib/libz.a'
[31/533] Linking CXX executable tests/test_phase20_perf
ld: warning: ignoring duplicate libraries: '-lm', 'vcpkg_installed/arm64-osx/debug/lib/libnanosvg.a', 'vcpkg_installed/arm64-osx/debug/lib/libnanosvgrast.a', 'vcpkg_installed/arm64-osx/debug/lib/libz.a'
[32/533] Linking CXX executable tests/test_block_model
ld: warning: ignoring duplicate libraries: '-lm', 'vcpkg_installed/arm64-osx/debug/lib/libnanosvg.a', 'vcpkg_installed/arm64-osx/debug/lib/libnanosvgrast.a', 'vcpkg_installed/arm64-osx/debug/lib/libz.a'
[33/533] Linking CXX executable tests/test_block_id
ld: warning: ignoring duplicate libraries: '-lm', 'vcpkg_installed/arm64-osx/debug/lib/libnanosvg.a', 'vcpkg_installed/arm64-osx/debug/lib/libnanosvgrast.a', 'vcpkg_installed/arm64-osx/debug/lib/libz.a'
[34/533] Linking CXX executable tests/test_notebook
ld: warning: ignoring duplicate libraries: '-lm', 'vcpkg_installed/arm64-osx/debug/lib/libnanosvg.a', 'vcpkg_installed/arm64-osx/debug/lib/libnanosvgrast.a', 'vcpkg_installed/arm64-osx/debug/lib/libz.a'
[35/533] Linking CXX executable tests/test_phases_4_6
ld: warning: ignoring duplicate libraries: '-lm', 'vcpkg_installed/arm64-osx/debug/lib/libnanosvg.a', 'vcpkg_installed/arm64-osx/debug/lib/libnanosvgrast.a', 'vcpkg_installed/arm64-osx/debug/lib/libz.a'
[36/533] Linking CXX executable tests/test_document_model
ld: warning: ignoring duplicate libraries: '-lm', 'vcpkg_installed/arm64-osx/debug/lib/libnanosvg.a', 'vcpkg_installed/arm64-osx/debug/lib/libnanosvgrast.a', 'vcpkg_installed/arm64-osx/debug/lib/libz.a'
[37/533] Linking CXX executable tests/test_vault_service
ld: warning: ignoring duplicate libraries: '-lm', 'vcpkg_installed/arm64-osx/debug/lib/libnanosvg.a', 'vcpkg_installed/arm64-osx/debug/lib/libnanosvgrast.a', 'vcpkg_installed/arm64-osx/debug/lib/libz.a'
[38/533] Linking CXX executable tests/test_backlink_index
ld: warning: ignoring duplicate libraries: '-lm', 'vcpkg_installed/arm64-osx/debug/lib/libnanosvg.a', 'vcpkg_installed/arm64-osx/debug/lib/libnanosvgrast.a', 'vcpkg_installed/arm64-osx/debug/lib/libz.a'
[39/533] Linking CXX executable tests/test_tag_service
ld: warning: ignoring duplicate libraries: '-lm', 'vcpkg_installed/arm64-osx/debug/lib/libnanosvg.a', 'vcpkg_installed/arm64-osx/debug/lib/libnanosvgrast.a', 'vcpkg_installed/arm64-osx/debug/lib/libz.a'
[40/533] Linking CXX executable tests/test_search_engine
ld: warning: ignoring duplicate libraries: '-lm', 'vcpkg_installed/arm64-osx/debug/lib/libnanosvg.a', 'vcpkg_installed/arm64-osx/debug/lib/libnanosvgrast.a', 'vcpkg_installed/arm64-osx/debug/lib/libz.a'
[41/533] Linking CXX executable tests/test_graph_engine
ld: warning: ignoring duplicate libraries: '-lm', 'vcpkg_installed/arm64-osx/debug/lib/libnanosvg.a', 'vcpkg_installed/arm64-osx/debug/lib/libnanosvgrast.a', 'vcpkg_installed/arm64-osx/debug/lib/libz.a'
[42/533] Linking CXX executable tests/test_backlinks_panel
ld: warning: ignoring duplicate libraries: '-lm', 'vcpkg_installed/arm64-osx/debug/lib/libnanosvg.a', 'vcpkg_installed/arm64-osx/debug/lib/libnanosvgrast.a', 'vcpkg_installed/arm64-osx/debug/lib/libz.a'
[43/533] Linking CXX executable tests/test_graph_view_panel
ld: warning: ignoring duplicate libraries: '-lm', 'vcpkg_installed/arm64-osx/debug/lib/libnanosvg.a', 'vcpkg_installed/arm64-osx/debug/lib/libnanosvgrast.a', 'vcpkg_installed/arm64-osx/debug/lib/libz.a'
[44/533] Linking CXX executable tests/test_daily_notes
ld: warning: ignoring duplicate libraries: '-lm', 'vcpkg_installed/arm64-osx/debug/lib/libnanosvg.a', 'vcpkg_installed/arm64-osx/debug/lib/libnanosvgrast.a', 'vcpkg_installed/arm64-osx/debug/lib/libz.a'
[45/533] Linking CXX executable tests/test_embed_resolver
ld: warning: ignoring duplicate libraries: '-lm', 'vcpkg_installed/arm64-osx/debug/lib/libnanosvg.a', 'vcpkg_installed/arm64-osx/debug/lib/libnanosvgrast.a', 'vcpkg_installed/arm64-osx/debug/lib/libz.a'
[46/533] Linking CXX executable tests/test_link_suggestions
ld: warning: ignoring duplicate libraries: '-lm', 'vcpkg_installed/arm64-osx/debug/lib/libnanosvg.a', 'vcpkg_installed/arm64-osx/debug/lib/libnanosvgrast.a', 'vcpkg_installed/arm64-osx/debug/lib/libz.a'
[47/533] Linking CXX executable tests/test_outline_panel
ld: warning: ignoring duplicate libraries: '-lm', 'vcpkg_installed/arm64-osx/debug/lib/libnanosvg.a', 'vcpkg_installed/arm64-osx/debug/lib/libnanosvgrast.a', 'vcpkg_installed/arm64-osx/debug/lib/libz.a'
[48/533] Linking CXX executable tests/test_live_preview
ld: warning: ignoring duplicate libraries: '-lm', 'vcpkg_installed/arm64-osx/debug/lib/libnanosvg.a', 'vcpkg_installed/arm64-osx/debug/lib/libnanosvgrast.a', 'vcpkg_installed/arm64-osx/debug/lib/libz.a'
[49/533] Linking CXX executable tests/test_note_template_engine
ld: warning: ignoring duplicate libraries: '-lm', 'vcpkg_installed/arm64-osx/debug/lib/libnanosvg.a', 'vcpkg_installed/arm64-osx/debug/lib/libnanosvgrast.a', 'vcpkg_installed/arm64-osx/debug/lib/libz.a'
[50/533] Linking CXX executable tests/test_search_query_parser
ld: warning: ignoring duplicate libraries: '-lm', 'vcpkg_installed/arm64-osx/debug/lib/libnanosvg.a', 'vcpkg_installed/arm64-osx/debug/lib/libnanosvgrast.a', 'vcpkg_installed/arm64-osx/debug/lib/libz.a'
[51/533] Linking CXX executable tests/test_find_replace
ld: warning: ignoring duplicate libraries: '-lm', 'vcpkg_installed/arm64-osx/debug/lib/libnanosvg.a', 'vcpkg_installed/arm64-osx/debug/lib/libnanosvgrast.a', 'vcpkg_installed/arm64-osx/debug/lib/libz.a'
[52/533] Linking CXX executable tests/test_clipboard_service
ld: warning: ignoring duplicate libraries: '-lm', 'vcpkg_installed/arm64-osx/debug/lib/libnanosvg.a', 'vcpkg_installed/arm64-osx/debug/lib/libnanosvgrast.a', 'vcpkg_installed/arm64-osx/debug/lib/libz.a'
[53/533] Linking CXX executable tests/test_latex_engine
ld: warning: ignoring duplicate libraries: '-lm', 'vcpkg_installed/arm64-osx/debug/lib/libnanosvg.a', 'vcpkg_installed/arm64-osx/debug/lib/libnanosvgrast.a', 'vcpkg_installed/arm64-osx/debug/lib/libz.a'
[54/533] Linking CXX executable tests/test_pane_manager
ld: warning: ignoring duplicate libraries: '-lm', 'vcpkg_installed/arm64-osx/debug/lib/libnanosvg.a', 'vcpkg_installed/arm64-osx/debug/lib/libnanosvgrast.a', 'vcpkg_installed/arm64-osx/debug/lib/libz.a'
[55/533] Linking CXX executable tests/test_navigation_service
ld: warning: ignoring duplicate libraries: '-lm', 'vcpkg_installed/arm64-osx/debug/lib/libnanosvg.a', 'vcpkg_installed/arm64-osx/debug/lib/libnanosvgrast.a', 'vcpkg_installed/arm64-osx/debug/lib/libz.a'
[56/533] Linking CXX executable tests/test_workspace_layout
ld: warning: ignoring duplicate libraries: '-lm', 'vcpkg_installed/arm64-osx/debug/lib/libnanosvg.a', 'vcpkg_installed/arm64-osx/debug/lib/libnanosvgrast.a', 'vcpkg_installed/arm64-osx/debug/lib/libz.a'
[57/533] Linking CXX executable tests/test_vault_style
ld: warning: ignoring duplicate libraries: '-lm', 'vcpkg_installed/arm64-osx/debug/lib/libnanosvg.a', 'vcpkg_installed/arm64-osx/debug/lib/libnanosvgrast.a', 'vcpkg_installed/arm64-osx/debug/lib/libz.a'
[58/533] Linking CXX executable tests/test_theme_marketplace
ld: warning: ignoring duplicate libraries: '-lm', 'vcpkg_installed/arm64-osx/debug/lib/libnanosvg.a', 'vcpkg_installed/arm64-osx/debug/lib/libnanosvgrast.a', 'vcpkg_installed/arm64-osx/debug/lib/libz.a'
[59/533] Linking CXX executable tests/test_task_service
ld: warning: ignoring duplicate libraries: '-lm', 'vcpkg_installed/arm64-osx/debug/lib/libnanosvg.a', 'vcpkg_installed/arm64-osx/debug/lib/libnanosvgrast.a', 'vcpkg_installed/arm64-osx/debug/lib/libz.a'
[60/533] Linking CXX executable tests/test_kanban_engine
ld: warning: ignoring duplicate libraries: '-lm', 'vcpkg_installed/arm64-osx/debug/lib/libnanosvg.a', 'vcpkg_installed/arm64-osx/debug/lib/libnanosvgrast.a', 'vcpkg_installed/arm64-osx/debug/lib/libz.a'
[61/533] Linking CXX executable tests/test_calendar
ld: warning: ignoring duplicate libraries: '-lm', 'vcpkg_installed/arm64-osx/debug/lib/libnanosvg.a', 'vcpkg_installed/arm64-osx/debug/lib/libnanosvgrast.a', 'vcpkg_installed/arm64-osx/debug/lib/libz.a'
[62/533] Linking CXX executable tests/test_presentation
ld: warning: ignoring duplicate libraries: '-lm', 'vcpkg_installed/arm64-osx/debug/lib/libnanosvg.a', 'vcpkg_installed/arm64-osx/debug/lib/libnanosvgrast.a', 'vcpkg_installed/arm64-osx/debug/lib/libz.a'
[63/533] Linking CXX executable tests/test_encryption_service
ld: warning: ignoring duplicate libraries: '-lm', 'vcpkg_installed/arm64-osx/debug/lib/libnanosvg.a', 'vcpkg_installed/arm64-osx/debug/lib/libnanosvgrast.a', 'vcpkg_installed/arm64-osx/debug/lib/libz.a'
[64/533] Linking CXX executable tests/test_kernel_manager
ld: warning: ignoring duplicate libraries: '-lm', 'vcpkg_installed/arm64-osx/debug/lib/libnanosvg.a', 'vcpkg_installed/arm64-osx/debug/lib/libnanosvgrast.a', 'vcpkg_installed/arm64-osx/debug/lib/libz.a'
[65/533] Linking CXX executable tests/test_kernel_adapters
ld: warning: ignoring duplicate libraries: '-lm', 'vcpkg_installed/arm64-osx/debug/lib/libnanosvg.a', 'vcpkg_installed/arm64-osx/debug/lib/libnanosvgrast.a', 'vcpkg_installed/arm64-osx/debug/lib/libz.a'
[66/533] Linking CXX executable tests/test_cell_output
ld: warning: ignoring duplicate libraries: '-lm', 'vcpkg_installed/arm64-osx/debug/lib/libnanosvg.a', 'vcpkg_installed/arm64-osx/debug/lib/libnanosvgrast.a', 'vcpkg_installed/arm64-osx/debug/lib/libz.a'
[67/533] Linking CXX executable tests/test_dataframe_renderer
ld: warning: ignoring duplicate libraries: '-lm', 'vcpkg_installed/arm64-osx/debug/lib/libnanosvg.a', 'vcpkg_installed/arm64-osx/debug/lib/libnanosvgrast.a', 'vcpkg_installed/arm64-osx/debug/lib/libz.a'
[68/533] Linking CXX executable tests/test_widget_manager
ld: warning: ignoring duplicate libraries: '-lm', 'vcpkg_installed/arm64-osx/debug/lib/libnanosvg.a', 'vcpkg_installed/arm64-osx/debug/lib/libnanosvgrast.a', 'vcpkg_installed/arm64-osx/debug/lib/libz.a'
[69/533] Linking CXX executable tests/test_notebook_cells
ld: warning: ignoring duplicate libraries: '-lm', 'vcpkg_installed/arm64-osx/debug/lib/libnanosvg.a', 'vcpkg_installed/arm64-osx/debug/lib/libnanosvgrast.a', 'vcpkg_installed/arm64-osx/debug/lib/libz.a'
[70/533] Linking CXX executable tests/test_git_service
ld: warning: ignoring duplicate libraries: '-lm', 'vcpkg_installed/arm64-osx/debug/lib/libnanosvg.a', 'vcpkg_installed/arm64-osx/debug/lib/libnanosvgrast.a', 'vcpkg_installed/arm64-osx/debug/lib/libz.a'
[71/533] Linking CXX executable tests/test_local_graph
ld: warning: ignoring duplicate libraries: '-lm', 'vcpkg_installed/arm64-osx/debug/lib/libnanosvg.a', 'vcpkg_installed/arm64-osx/debug/lib/libnanosvgrast.a', 'vcpkg_installed/arm64-osx/debug/lib/libz.a'
[72/533] Linking CXX executable tests/test_notebook_export
ld: warning: ignoring duplicate libraries: '-lm', 'vcpkg_installed/arm64-osx/debug/lib/libnanosvg.a', 'vcpkg_installed/arm64-osx/debug/lib/libnanosvgrast.a', 'vcpkg_installed/arm64-osx/debug/lib/libz.a'
[73/533] Linking CXX executable tests/test_magic_commands
ld: warning: ignoring duplicate libraries: '-lm', 'vcpkg_installed/arm64-osx/debug/lib/libnanosvg.a', 'vcpkg_installed/arm64-osx/debug/lib/libnanosvgrast.a', 'vcpkg_installed/arm64-osx/debug/lib/libz.a'
[74/533] Linking CXX executable tests/test_file_snapshots
ld: warning: ignoring duplicate libraries: '-lm', 'vcpkg_installed/arm64-osx/debug/lib/libnanosvg.a', 'vcpkg_installed/arm64-osx/debug/lib/libnanosvgrast.a', 'vcpkg_installed/arm64-osx/debug/lib/libz.a'
[75/533] Linking CXX executable tests/test_notebook_diff
ld: warning: ignoring duplicate libraries: '-lm', 'vcpkg_installed/arm64-osx/debug/lib/libnanosvg.a', 'vcpkg_installed/arm64-osx/debug/lib/libnanosvgrast.a', 'vcpkg_installed/arm64-osx/debug/lib/libz.a'
[76/533] Linking CXX executable tests/test_canvas_types
ld: warning: ignoring duplicate libraries: '-lm', 'vcpkg_installed/arm64-osx/debug/lib/libnanosvg.a', 'vcpkg_installed/arm64-osx/debug/lib/libnanosvgrast.a', 'vcpkg_installed/arm64-osx/debug/lib/libz.a'
[77/533] Linking CXX executable tests/test_quadtree
ld: warning: ignoring duplicate libraries: '-lm', 'vcpkg_installed/arm64-osx/debug/lib/libnanosvg.a', 'vcpkg_installed/arm64-osx/debug/lib/libnanosvgrast.a', 'vcpkg_installed/arm64-osx/debug/lib/libz.a'
[78/533] Linking CXX executable tests/test_viewport_transform
ld: warning: ignoring duplicate libraries: '-lm', 'vcpkg_installed/arm64-osx/debug/lib/libnanosvg.a', 'vcpkg_installed/arm64-osx/debug/lib/libnanosvgrast.a', 'vcpkg_installed/arm64-osx/debug/lib/libz.a'
[79/533] Linking CXX executable tests/test_canvas_renderer
ld: warning: ignoring duplicate libraries: '-lm', 'vcpkg_installed/arm64-osx/debug/lib/libnanosvg.a', 'vcpkg_installed/arm64-osx/debug/lib/libnanosvgrast.a', 'vcpkg_installed/arm64-osx/debug/lib/libz.a'
[80/533] Linking CXX executable tests/test_canvas_input
ld: warning: ignoring duplicate libraries: '-lm', 'vcpkg_installed/arm64-osx/debug/lib/libnanosvg.a', 'vcpkg_installed/arm64-osx/debug/lib/libnanosvgrast.a', 'vcpkg_installed/arm64-osx/debug/lib/libz.a'
[81/533] Linking CXX executable tests/test_selection_manager
ld: warning: ignoring duplicate libraries: '-lm', 'vcpkg_installed/arm64-osx/debug/lib/libnanosvg.a', 'vcpkg_installed/arm64-osx/debug/lib/libnanosvgrast.a', 'vcpkg_installed/arm64-osx/debug/lib/libz.a'
[82/533] Linking CXX executable tests/test_board_model
ld: warning: ignoring duplicate libraries: '-lm', 'vcpkg_installed/arm64-osx/debug/lib/libnanosvg.a', 'vcpkg_installed/arm64-osx/debug/lib/libnanosvgrast.a', 'vcpkg_installed/arm64-osx/debug/lib/libz.a'
[83/533] Linking CXX executable tests/test_board_serializer
ld: warning: ignoring duplicate libraries: '-lm', 'vcpkg_installed/arm64-osx/debug/lib/libnanosvg.a', 'vcpkg_installed/arm64-osx/debug/lib/libnanosvgrast.a', 'vcpkg_installed/arm64-osx/debug/lib/libz.a'
[84/533] Linking CXX executable tests/test_undo_redo
ld: warning: ignoring duplicate libraries: '-lm', 'vcpkg_installed/arm64-osx/debug/lib/libnanosvg.a', 'vcpkg_installed/arm64-osx/debug/lib/libnanosvgrast.a', 'vcpkg_installed/arm64-osx/debug/lib/libz.a'
[85/533] Linking CXX executable tests/test_snap_engine
ld: warning: ignoring duplicate libraries: '-lm', 'vcpkg_installed/arm64-osx/debug/lib/libnanosvg.a', 'vcpkg_installed/arm64-osx/debug/lib/libnanosvgrast.a', 'vcpkg_installed/arm64-osx/debug/lib/libz.a'
[86/533] Linking CXX executable tests/test_sticky_note
ld: warning: ignoring duplicate libraries: '-lm', 'vcpkg_installed/arm64-osx/debug/lib/libnanosvg.a', 'vcpkg_installed/arm64-osx/debug/lib/libnanosvgrast.a', 'vcpkg_installed/arm64-osx/debug/lib/libz.a'
[87/533] Linking CXX executable tests/test_text_box
ld: warning: ignoring duplicate libraries: '-lm', 'vcpkg_installed/arm64-osx/debug/lib/libnanosvg.a', 'vcpkg_installed/arm64-osx/debug/lib/libnanosvgrast.a', 'vcpkg_installed/arm64-osx/debug/lib/libz.a'
[88/533] Linking CXX executable tests/test_shapes
ld: warning: ignoring duplicate libraries: '-lm', 'vcpkg_installed/arm64-osx/debug/lib/libnanosvg.a', 'vcpkg_installed/arm64-osx/debug/lib/libnanosvgrast.a', 'vcpkg_installed/arm64-osx/debug/lib/libz.a'
[89/533] Linking CXX executable tests/test_connectors
ld: warning: ignoring duplicate libraries: '-lm', 'vcpkg_installed/arm64-osx/debug/lib/libnanosvg.a', 'vcpkg_installed/arm64-osx/debug/lib/libnanosvgrast.a', 'vcpkg_installed/arm64-osx/debug/lib/libz.a'
[90/533] Linking CXX executable tests/test_freehand_path
ld: warning: ignoring duplicate libraries: '-lm', 'vcpkg_installed/arm64-osx/debug/lib/libnanosvg.a', 'vcpkg_installed/arm64-osx/debug/lib/libnanosvgrast.a', 'vcpkg_installed/arm64-osx/debug/lib/libz.a'
[91/533] Linking CXX executable tests/test_shape_recognizer
ld: warning: ignoring duplicate libraries: '-lm', 'vcpkg_installed/arm64-osx/debug/lib/libnanosvg.a', 'vcpkg_installed/arm64-osx/debug/lib/libnanosvgrast.a', 'vcpkg_installed/arm64-osx/debug/lib/libz.a'
[92/533] Linking CXX executable tests/test_image_object
ld: warning: ignoring duplicate libraries: '-lm', 'vcpkg_installed/arm64-osx/debug/lib/libnanosvg.a', 'vcpkg_installed/arm64-osx/debug/lib/libnanosvgrast.a', 'vcpkg_installed/arm64-osx/debug/lib/libz.a'
[93/533] Linking CXX executable tests/test_frame_object
ld: warning: ignoring duplicate libraries: '-lm', 'vcpkg_installed/arm64-osx/debug/lib/libnanosvg.a', 'vcpkg_installed/arm64-osx/debug/lib/libnanosvgrast.a', 'vcpkg_installed/arm64-osx/debug/lib/libz.a'
[94/533] Linking CXX executable tests/test_section_object
ld: warning: ignoring duplicate libraries: '-lm', 'vcpkg_installed/arm64-osx/debug/lib/libnanosvg.a', 'vcpkg_installed/arm64-osx/debug/lib/libnanosvgrast.a', 'vcpkg_installed/arm64-osx/debug/lib/libz.a'
[95/533] Linking CXX executable tests/test_group_object
ld: warning: ignoring duplicate libraries: '-lm', 'vcpkg_installed/arm64-osx/debug/lib/libnanosvg.a', 'vcpkg_installed/arm64-osx/debug/lib/libnanosvgrast.a', 'vcpkg_installed/arm64-osx/debug/lib/libz.a'
[96/533] Linking CXX executable tests/test_layering_service
ld: warning: ignoring duplicate libraries: '-lm', 'vcpkg_installed/arm64-osx/debug/lib/libnanosvg.a', 'vcpkg_installed/arm64-osx/debug/lib/libnanosvgrast.a', 'vcpkg_installed/arm64-osx/debug/lib/libz.a'
[97/533] Linking CXX executable tests/test_locking_service
ld: warning: ignoring duplicate libraries: '-lm', 'vcpkg_installed/arm64-osx/debug/lib/libnanosvg.a', 'vcpkg_installed/arm64-osx/debug/lib/libnanosvgrast.a', 'vcpkg_installed/arm64-osx/debug/lib/libz.a'
[98/533] Linking CXX executable tests/test_table_object
ld: warning: ignoring duplicate libraries: '-lm', 'vcpkg_installed/arm64-osx/debug/lib/libnanosvg.a', 'vcpkg_installed/arm64-osx/debug/lib/libnanosvgrast.a', 'vcpkg_installed/arm64-osx/debug/lib/libz.a'
[99/533] Linking CXX executable tests/test_table_sort_filter
ld: warning: ignoring duplicate libraries: '-lm', 'vcpkg_installed/arm64-osx/debug/lib/libnanosvg.a', 'vcpkg_installed/arm64-osx/debug/lib/libnanosvgrast.a', 'vcpkg_installed/arm64-osx/debug/lib/libz.a'
[100/533] Linking CXX executable tests/test_metadata_panel
ld: warning: ignoring duplicate libraries: '-lm', 'vcpkg_installed/arm64-osx/debug/lib/libnanosvg.a', 'vcpkg_installed/arm64-osx/debug/lib/libnanosvgrast.a', 'vcpkg_installed/arm64-osx/debug/lib/libz.a'
[101/533] Linking CXX executable tests/test_tag_manager
ld: warning: ignoring duplicate libraries: '-lm', 'vcpkg_installed/arm64-osx/debug/lib/libnanosvg.a', 'vcpkg_installed/arm64-osx/debug/lib/libnanosvgrast.a', 'vcpkg_installed/arm64-osx/debug/lib/libz.a'
[102/533] Linking CXX executable tests/test_minimap
ld: warning: ignoring duplicate libraries: '-lm', 'vcpkg_installed/arm64-osx/debug/lib/libnanosvg.a', 'vcpkg_installed/arm64-osx/debug/lib/libnanosvgrast.a', 'vcpkg_installed/arm64-osx/debug/lib/libz.a'
[103/533] Linking CXX executable tests/test_canvas_search
ld: warning: ignoring duplicate libraries: '-lm', 'vcpkg_installed/arm64-osx/debug/lib/libnanosvg.a', 'vcpkg_installed/arm64-osx/debug/lib/libnanosvgrast.a', 'vcpkg_installed/arm64-osx/debug/lib/libz.a'
[104/533] Linking CXX executable tests/test_cross_board_link
ld: warning: ignoring duplicate libraries: '-lm', 'vcpkg_installed/arm64-osx/debug/lib/libnanosvg.a', 'vcpkg_installed/arm64-osx/debug/lib/libnanosvgrast.a', 'vcpkg_installed/arm64-osx/debug/lib/libz.a'
[105/533] Linking CXX executable tests/test_pdf_import
ld: warning: ignoring duplicate libraries: '-lm', 'vcpkg_installed/arm64-osx/debug/lib/libnanosvg.a', 'vcpkg_installed/arm64-osx/debug/lib/libnanosvgrast.a', 'vcpkg_installed/arm64-osx/debug/lib/libz.a'
[106/533] Linking CXX executable tests/test_video_embed
ld: warning: ignoring duplicate libraries: '-lm', 'vcpkg_installed/arm64-osx/debug/lib/libnanosvg.a', 'vcpkg_installed/arm64-osx/debug/lib/libnanosvgrast.a', 'vcpkg_installed/arm64-osx/debug/lib/libz.a'
[107/533] Linking CXX executable tests/test_bookmark_card
ld: warning: ignoring duplicate libraries: '-lm', 'vcpkg_installed/arm64-osx/debug/lib/libnanosvg.a', 'vcpkg_installed/arm64-osx/debug/lib/libnanosvgrast.a', 'vcpkg_installed/arm64-osx/debug/lib/libz.a'
[108/533] Linking CXX executable tests/test_icon_library
ld: warning: ignoring duplicate libraries: '-lm', 'vcpkg_installed/arm64-osx/debug/lib/libnanosvg.a', 'vcpkg_installed/arm64-osx/debug/lib/libnanosvgrast.a', 'vcpkg_installed/arm64-osx/debug/lib/libz.a'
[109/533] Linking CXX executable tests/test_layout_engine
ld: warning: ignoring duplicate libraries: '-lm', 'vcpkg_installed/arm64-osx/debug/lib/libnanosvg.a', 'vcpkg_installed/arm64-osx/debug/lib/libnanosvgrast.a', 'vcpkg_installed/arm64-osx/debug/lib/libz.a'
[110/533] Linking CXX executable tests/test_sticky_aggregator
ld: warning: ignoring duplicate libraries: '-lm', 'vcpkg_installed/arm64-osx/debug/lib/libnanosvg.a', 'vcpkg_installed/arm64-osx/debug/lib/libnanosvgrast.a', 'vcpkg_installed/arm64-osx/debug/lib/libz.a'
[111/533] Linking CXX executable tests/test_mind_map
ld: warning: ignoring duplicate libraries: '-lm', 'vcpkg_installed/arm64-osx/debug/lib/libnanosvg.a', 'vcpkg_installed/arm64-osx/debug/lib/libnanosvgrast.a', 'vcpkg_installed/arm64-osx/debug/lib/libz.a'
[112/533] Linking CXX executable tests/test_kanban
ld: warning: ignoring duplicate libraries: '-lm', 'vcpkg_installed/arm64-osx/debug/lib/libnanosvg.a', 'vcpkg_installed/arm64-osx/debug/lib/libnanosvgrast.a', 'vcpkg_installed/arm64-osx/debug/lib/libz.a'
[113/533] Linking CXX executable tests/test_diagram_shapes
ld: warning: ignoring duplicate libraries: '-lm', 'vcpkg_installed/arm64-osx/debug/lib/libnanosvg.a', 'vcpkg_installed/arm64-osx/debug/lib/libnanosvgrast.a', 'vcpkg_installed/arm64-osx/debug/lib/libz.a'
[114/533] Linking CXX executable tests/test_board_templates
ld: warning: ignoring duplicate libraries: '-lm', 'vcpkg_installed/arm64-osx/debug/lib/libnanosvg.a', 'vcpkg_installed/arm64-osx/debug/lib/libnanosvgrast.a', 'vcpkg_installed/arm64-osx/debug/lib/libz.a'
[115/533] Linking CXX executable tests/test_startup_timer
ld: warning: ignoring duplicate libraries: '-lm', 'vcpkg_installed/arm64-osx/debug/lib/libnanosvg.a', 'vcpkg_installed/arm64-osx/debug/lib/libnanosvgrast.a', 'vcpkg_installed/arm64-osx/debug/lib/libz.a'
[116/533] Linking CXX executable tests/test_tracy_integration
ld: warning: ignoring duplicate libraries: '-lm', 'vcpkg_installed/arm64-osx/debug/lib/libnanosvg.a', 'vcpkg_installed/arm64-osx/debug/lib/libnanosvgrast.a', 'vcpkg_installed/arm64-osx/debug/lib/libz.a'
[117/533] Linking CXX executable tests/test_allocator
ld: warning: ignoring duplicate libraries: '-lm', 'vcpkg_installed/arm64-osx/debug/lib/libnanosvg.a', 'vcpkg_installed/arm64-osx/debug/lib/libnanosvgrast.a', 'vcpkg_installed/arm64-osx/debug/lib/libz.a'
[118/533] Linking CXX executable tests/test_constexpr_tables
ld: warning: ignoring duplicate libraries: '-lm', 'vcpkg_installed/arm64-osx/debug/lib/libnanosvg.a', 'vcpkg_installed/arm64-osx/debug/lib/libnanosvgrast.a', 'vcpkg_installed/arm64-osx/debug/lib/libz.a'
[119/533] Linking CXX executable tests/test_lazy_service
ld: warning: ignoring duplicate libraries: '-lm', 'vcpkg_installed/arm64-osx/debug/lib/libnanosvg.a', 'vcpkg_installed/arm64-osx/debug/lib/libnanosvgrast.a', 'vcpkg_installed/arm64-osx/debug/lib/libz.a'
[120/533] Linking CXX executable tests/test_deferred_loading
ld: warning: ignoring duplicate libraries: '-lm', 'vcpkg_installed/arm64-osx/debug/lib/libnanosvg.a', 'vcpkg_installed/arm64-osx/debug/lib/libnanosvgrast.a', 'vcpkg_installed/arm64-osx/debug/lib/libz.a'
[121/533] Linking CXX executable tests/test_arena_expansion
ld: warning: ignoring duplicate libraries: '-lm', 'vcpkg_installed/arm64-osx/debug/lib/libnanosvg.a', 'vcpkg_installed/arm64-osx/debug/lib/libnanosvgrast.a', 'vcpkg_installed/arm64-osx/debug/lib/libz.a'
[122/533] Linking CXX executable tests/test_profiler_v2
ld: warning: ignoring duplicate libraries: '-lm', 'vcpkg_installed/arm64-osx/debug/lib/libnanosvg.a', 'vcpkg_installed/arm64-osx/debug/lib/libnanosvgrast.a', 'vcpkg_installed/arm64-osx/debug/lib/libz.a'
[123/533] Linking CXX executable tests/test_resolved_config
ld: warning: ignoring duplicate libraries: '-lm', 'vcpkg_installed/arm64-osx/debug/lib/libnanosvg.a', 'vcpkg_installed/arm64-osx/debug/lib/libnanosvgrast.a', 'vcpkg_installed/arm64-osx/debug/lib/libz.a'
[124/533] Linking CXX executable tests/test_incremental_rendering
ld: warning: ignoring duplicate libraries: '-lm', 'vcpkg_installed/arm64-osx/debug/lib/libnanosvg.a', 'vcpkg_installed/arm64-osx/debug/lib/libnanosvgrast.a', 'vcpkg_installed/arm64-osx/debug/lib/libz.a'
[125/533] Linking CXX executable tests/test_bounded_containers
ld: warning: ignoring duplicate libraries: '-lm', 'vcpkg_installed/arm64-osx/debug/lib/libnanosvg.a', 'vcpkg_installed/arm64-osx/debug/lib/libnanosvgrast.a', 'vcpkg_installed/arm64-osx/debug/lib/libz.a'
[126/533] Linking CXX executable tests/test_memory_budget
ld: warning: ignoring duplicate libraries: '-lm', 'vcpkg_installed/arm64-osx/debug/lib/libnanosvg.a', 'vcpkg_installed/arm64-osx/debug/lib/libnanosvgrast.a', 'vcpkg_installed/arm64-osx/debug/lib/libz.a'
[127/533] Linking CXX executable tests/test_eventbus_v2
ld: warning: ignoring duplicate libraries: '-lm', 'vcpkg_installed/arm64-osx/debug/lib/libnanosvg.a', 'vcpkg_installed/arm64-osx/debug/lib/libnanosvgrast.a', 'vcpkg_installed/arm64-osx/debug/lib/libz.a'
[128/533] Linking CXX executable tests/test_lockfree_snapshot
ld: warning: ignoring duplicate libraries: '-lm', 'vcpkg_installed/arm64-osx/debug/lib/libnanosvg.a', 'vcpkg_installed/arm64-osx/debug/lib/libnanosvgrast.a', 'vcpkg_installed/arm64-osx/debug/lib/libz.a'
[129/533] Linking CXX executable tests/test_thread_boundary
ld: warning: ignoring duplicate libraries: '-lm', 'vcpkg_installed/arm64-osx/debug/lib/libnanosvg.a', 'vcpkg_installed/arm64-osx/debug/lib/libnanosvgrast.a', 'vcpkg_installed/arm64-osx/debug/lib/libz.a'
[130/533] Linking CXX executable tests/test_soa_storage
ld: warning: ignoring duplicate libraries: '-lm', 'vcpkg_installed/arm64-osx/debug/lib/libnanosvg.a', 'vcpkg_installed/arm64-osx/debug/lib/libnanosvgrast.a', 'vcpkg_installed/arm64-osx/debug/lib/libz.a'
[131/533] Linking CXX executable tests/test_plugin_isolation
ld: warning: ignoring duplicate libraries: '-lm', 'vcpkg_installed/arm64-osx/debug/lib/libnanosvg.a', 'vcpkg_installed/arm64-osx/debug/lib/libnanosvgrast.a', 'vcpkg_installed/arm64-osx/debug/lib/libz.a'
[132/533] Linking CXX executable tests/test_ub_edge_cases
ld: warning: ignoring duplicate libraries: '-lm', 'vcpkg_installed/arm64-osx/debug/lib/libnanosvg.a', 'vcpkg_installed/arm64-osx/debug/lib/libnanosvgrast.a', 'vcpkg_installed/arm64-osx/debug/lib/libz.a'
[133/533] Linking CXX executable tests/test_constexpr_map
ld: warning: ignoring duplicate libraries: '-lm', 'vcpkg_installed/arm64-osx/debug/lib/libnanosvg.a', 'vcpkg_installed/arm64-osx/debug/lib/libnanosvgrast.a', 'vcpkg_installed/arm64-osx/debug/lib/libz.a'
[134/533] Linking CXX executable tests/test_frame_budget_enforcement
ld: warning: ignoring duplicate libraries: '-lm', 'vcpkg_installed/arm64-osx/debug/lib/libnanosvg.a', 'vcpkg_installed/arm64-osx/debug/lib/libnanosvgrast.a', 'vcpkg_installed/arm64-osx/debug/lib/libz.a'
[135/533] Linking CXX executable tests/test_incremental_tokenization
ld: warning: ignoring duplicate libraries: '-lm', 'vcpkg_installed/arm64-osx/debug/lib/libnanosvg.a', 'vcpkg_installed/arm64-osx/debug/lib/libnanosvgrast.a', 'vcpkg_installed/arm64-osx/debug/lib/libz.a'
[136/533] Linking CXX executable tests/test_structured_logging
ld: warning: ignoring duplicate libraries: '-lm', 'vcpkg_installed/arm64-osx/debug/lib/libnanosvg.a', 'vcpkg_installed/arm64-osx/debug/lib/libnanosvgrast.a', 'vcpkg_installed/arm64-osx/debug/lib/libz.a'
[137/533] Linking CXX executable tests/test_crash_reporter
ld: warning: ignoring duplicate libraries: '-lm', 'vcpkg_installed/arm64-osx/debug/lib/libnanosvg.a', 'vcpkg_installed/arm64-osx/debug/lib/libnanosvgrast.a', 'vcpkg_installed/arm64-osx/debug/lib/libz.a'
[138/533] Linking CXX executable tests/test_watchdog
ld: warning: ignoring duplicate libraries: '-lm', 'vcpkg_installed/arm64-osx/debug/lib/libnanosvg.a', 'vcpkg_installed/arm64-osx/debug/lib/libnanosvgrast.a', 'vcpkg_installed/arm64-osx/debug/lib/libz.a'
[139/533] Linking CXX executable tests/test_health_panel
ld: warning: ignoring duplicate libraries: '-lm', 'vcpkg_installed/arm64-osx/debug/lib/libnanosvg.a', 'vcpkg_installed/arm64-osx/debug/lib/libnanosvgrast.a', 'vcpkg_installed/arm64-osx/debug/lib/libz.a'
[140/533] Linking CXX executable tests/test_extension_resource_tracking
ld: warning: ignoring duplicate libraries: '-lm', 'vcpkg_installed/arm64-osx/debug/lib/libnanosvg.a', 'vcpkg_installed/arm64-osx/debug/lib/libnanosvgrast.a', 'vcpkg_installed/arm64-osx/debug/lib/libz.a'
[141/533] Linking CXX executable tests/test_large_file_mode
ld: warning: ignoring duplicate libraries: '-lm', 'vcpkg_installed/arm64-osx/debug/lib/libnanosvg.a', 'vcpkg_installed/arm64-osx/debug/lib/libnanosvgrast.a', 'vcpkg_installed/arm64-osx/debug/lib/libz.a'
[142/533] Linking CXX executable tests/test_chaos_engine
ld: warning: ignoring duplicate libraries: '-lm', 'vcpkg_installed/arm64-osx/debug/lib/libnanosvg.a', 'vcpkg_installed/arm64-osx/debug/lib/libnanosvgrast.a', 'vcpkg_installed/arm64-osx/debug/lib/libz.a'
[143/533] Linking CXX executable tests/test_load_harness
ld: warning: ignoring duplicate libraries: '-lm', 'vcpkg_installed/arm64-osx/debug/lib/libnanosvg.a', 'vcpkg_installed/arm64-osx/debug/lib/libnanosvgrast.a', 'vcpkg_installed/arm64-osx/debug/lib/libz.a'
[144/533] Linking CXX executable tests/test_settings_catalog
ld: warning: ignoring duplicate libraries: '-lm', 'vcpkg_installed/arm64-osx/debug/lib/libnanosvg.a', 'vcpkg_installed/arm64-osx/debug/lib/libnanosvgrast.a', 'vcpkg_installed/arm64-osx/debug/lib/libz.a'
[145/533] Linking CXX executable tests/test_settings_panel
ld: warning: ignoring duplicate libraries: '-lm', 'vcpkg_installed/arm64-osx/debug/lib/libnanosvg.a', 'vcpkg_installed/arm64-osx/debug/lib/libnanosvgrast.a', 'vcpkg_installed/arm64-osx/debug/lib/libz.a'
[146/533] Linking CXX executable tests/test_canvas_workspace
ld: warning: ignoring duplicate libraries: '-lm', 'vcpkg_installed/arm64-osx/debug/lib/libnanosvg.a', 'vcpkg_installed/arm64-osx/debug/lib/libnanosvgrast.a', 'vcpkg_installed/arm64-osx/debug/lib/libz.a'
[147/533] Linking CXX executable tests/test_canvas_collab
ld: warning: ignoring duplicate libraries: '-lm', 'vcpkg_installed/arm64-osx/debug/lib/libnanosvg.a', 'vcpkg_installed/arm64-osx/debug/lib/libnanosvgrast.a', 'vcpkg_installed/arm64-osx/debug/lib/libz.a'
[148/533] Linking CXX executable tests/test_canvas_apps
ld: warning: ignoring duplicate libraries: '-lm', 'vcpkg_installed/arm64-osx/debug/lib/libnanosvg.a', 'vcpkg_installed/arm64-osx/debug/lib/libnanosvgrast.a', 'vcpkg_installed/arm64-osx/debug/lib/libz.a'
[149/533] Linking CXX executable tests/test_code_intelligence
ld: warning: ignoring duplicate libraries: '-lm', 'vcpkg_installed/arm64-osx/debug/lib/libnanosvg.a', 'vcpkg_installed/arm64-osx/debug/lib/libnanosvgrast.a', 'vcpkg_installed/arm64-osx/debug/lib/libz.a'
[150/533] Linking CXX executable tests/test_workbench_navigation
ld: warning: ignoring duplicate libraries: '-lm', 'vcpkg_installed/arm64-osx/debug/lib/libnanosvg.a', 'vcpkg_installed/arm64-osx/debug/lib/libnanosvgrast.a', 'vcpkg_installed/arm64-osx/debug/lib/libz.a'
[151/533] Linking CXX executable tests/test_phase12_surface_theme
ld: warning: ignoring duplicate libraries: '-lm', 'vcpkg_installed/arm64-osx/debug/lib/libnanosvg.a', 'vcpkg_installed/arm64-osx/debug/lib/libnanosvgrast.a', 'vcpkg_installed/arm64-osx/debug/lib/libz.a'
[152/533] Linking CXX executable tests/test_phase13_fx_engine
ld: warning: ignoring duplicate libraries: '-lm', 'vcpkg_installed/arm64-osx/debug/lib/libnanosvg.a', 'vcpkg_installed/arm64-osx/debug/lib/libnanosvgrast.a', 'vcpkg_installed/arm64-osx/debug/lib/libz.a'
[153/533] Linking CXX executable tests/test_phase28_fx_system
ld: warning: ignoring duplicate libraries: '-lm', 'vcpkg_installed/arm64-osx/debug/lib/libnanosvg.a', 'vcpkg_installed/arm64-osx/debug/lib/libnanosvgrast.a', 'vcpkg_installed/arm64-osx/debug/lib/libz.a'
[154/533] Linking CXX executable tests/test_phase29_security
ld: warning: ignoring duplicate libraries: '-lm', 'vcpkg_installed/arm64-osx/debug/lib/libnanosvg.a', 'vcpkg_installed/arm64-osx/debug/lib/libnanosvgrast.a', 'vcpkg_installed/arm64-osx/debug/lib/libz.a'
[155/533] Linking CXX executable tests/test_phase30_performance
ld: warning: ignoring duplicate libraries: '-lm', 'vcpkg_installed/arm64-osx/debug/lib/libnanosvg.a', 'vcpkg_installed/arm64-osx/debug/lib/libnanosvgrast.a', 'vcpkg_installed/arm64-osx/debug/lib/libz.a'
[156/533] Linking CXX executable tests/test_phase31_accessibility
ld: warning: ignoring duplicate libraries: '-lm', 'vcpkg_installed/arm64-osx/debug/lib/libnanosvg.a', 'vcpkg_installed/arm64-osx/debug/lib/libnanosvgrast.a', 'vcpkg_installed/arm64-osx/debug/lib/libz.a'
[157/533] Linking CXX executable tests/test_phase32_platform
ld: warning: ignoring duplicate libraries: '-lm', 'vcpkg_installed/arm64-osx/debug/lib/libnanosvg.a', 'vcpkg_installed/arm64-osx/debug/lib/libnanosvgrast.a', 'vcpkg_installed/arm64-osx/debug/lib/libz.a'
[158/533] Linking CXX executable tests/test_phase33_observability
ld: warning: ignoring duplicate libraries: '-lm', 'vcpkg_installed/arm64-osx/debug/lib/libnanosvg.a', 'vcpkg_installed/arm64-osx/debug/lib/libnanosvgrast.a', 'vcpkg_installed/arm64-osx/debug/lib/libz.a'
[159/533] Linking CXX executable tests/test_phase8_rendering
ld: warning: ignoring duplicate libraries: '-lm', 'vcpkg_installed/arm64-osx/debug/lib/libnanosvg.a', 'vcpkg_installed/arm64-osx/debug/lib/libnanosvgrast.a', 'vcpkg_installed/arm64-osx/debug/lib/libz.a'
[160/533] Linking CXX executable tests/test_result_types
ld: warning: ignoring duplicate libraries: '-lm', 'vcpkg_installed/arm64-osx/debug/lib/libnanosvg.a', 'vcpkg_installed/arm64-osx/debug/lib/libnanosvgrast.a', 'vcpkg_installed/arm64-osx/debug/lib/libz.a'
[161/533] Linking CXX executable tests/test_validation_utils
ld: warning: ignoring duplicate libraries: '-lm', 'vcpkg_installed/arm64-osx/debug/lib/libnanosvg.a', 'vcpkg_installed/arm64-osx/debug/lib/libnanosvgrast.a', 'vcpkg_installed/arm64-osx/debug/lib/libz.a'
[162/533] Linking CXX executable tests/test_structured_logger
ld: warning: ignoring duplicate libraries: '-lm', 'vcpkg_installed/arm64-osx/debug/lib/libnanosvg.a', 'vcpkg_installed/arm64-osx/debug/lib/libnanosvgrast.a', 'vcpkg_installed/arm64-osx/debug/lib/libz.a'
[163/533] Linking CXX executable tests/test_string_guards
ld: warning: ignoring duplicate libraries: '-lm', 'vcpkg_installed/arm64-osx/debug/lib/libnanosvg.a', 'vcpkg_installed/arm64-osx/debug/lib/libnanosvgrast.a', 'vcpkg_installed/arm64-osx/debug/lib/libz.a'
[164/533] Linking CXX executable tests/test_safe_path
ld: warning: ignoring duplicate libraries: '-lm', 'vcpkg_installed/arm64-osx/debug/lib/libnanosvg.a', 'vcpkg_installed/arm64-osx/debug/lib/libnanosvgrast.a', 'vcpkg_installed/arm64-osx/debug/lib/libz.a'
[165/533] Linking CXX executable tests/test_safe_regex
ld: warning: ignoring duplicate libraries: '-lm', 'vcpkg_installed/arm64-osx/debug/lib/libnanosvg.a', 'vcpkg_installed/arm64-osx/debug/lib/libnanosvgrast.a', 'vcpkg_installed/arm64-osx/debug/lib/libz.a'
[166/533] Linking CXX executable tests/test_numeric_guards
ld: warning: ignoring duplicate libraries: '-lm', 'vcpkg_installed/arm64-osx/debug/lib/libnanosvg.a', 'vcpkg_installed/arm64-osx/debug/lib/libnanosvgrast.a', 'vcpkg_installed/arm64-osx/debug/lib/libz.a'
[167/533] Linking CXX executable tests/test_mime_validator
ld: warning: ignoring duplicate libraries: '-lm', 'vcpkg_installed/arm64-osx/debug/lib/libnanosvg.a', 'vcpkg_installed/arm64-osx/debug/lib/libnanosvgrast.a', 'vcpkg_installed/arm64-osx/debug/lib/libz.a'
[168/533] Linking CXX executable tests/test_safe_allocation
ld: warning: ignoring duplicate libraries: '-lm', 'vcpkg_installed/arm64-osx/debug/lib/libnanosvg.a', 'vcpkg_installed/arm64-osx/debug/lib/libnanosvgrast.a', 'vcpkg_installed/arm64-osx/debug/lib/libz.a'
[169/533] Linking CXX executable tests/test_cancellation_token
ld: warning: ignoring duplicate libraries: '-lm', 'vcpkg_installed/arm64-osx/debug/lib/libnanosvg.a', 'vcpkg_installed/arm64-osx/debug/lib/libnanosvgrast.a', 'vcpkg_installed/arm64-osx/debug/lib/libz.a'
[170/533] Linking CXX executable tests/test_backpressure
ld: warning: ignoring duplicate libraries: '-lm', 'vcpkg_installed/arm64-osx/debug/lib/libnanosvg.a', 'vcpkg_installed/arm64-osx/debug/lib/libnanosvgrast.a', 'vcpkg_installed/arm64-osx/debug/lib/libz.a'
[171/533] Linking CXX executable tests/test_panic_policy
ld: warning: ignoring duplicate libraries: '-lm', 'vcpkg_installed/arm64-osx/debug/lib/libnanosvg.a', 'vcpkg_installed/arm64-osx/debug/lib/libnanosvgrast.a', 'vcpkg_installed/arm64-osx/debug/lib/libz.a'
[172/533] Linking CXX executable tests/test_api_version
ld: warning: ignoring duplicate libraries: '-lm', 'vcpkg_installed/arm64-osx/debug/lib/libnanosvg.a', 'vcpkg_installed/arm64-osx/debug/lib/libnanosvgrast.a', 'vcpkg_installed/arm64-osx/debug/lib/libz.a'
[173/533] Linking CXX executable tests/test_plugin_quarantine
ld: warning: ignoring duplicate libraries: '-lm', 'vcpkg_installed/arm64-osx/debug/lib/libnanosvg.a', 'vcpkg_installed/arm64-osx/debug/lib/libnanosvgrast.a', 'vcpkg_installed/arm64-osx/debug/lib/libz.a'
[174/533] Linking CXX executable tests/test_rendering_safety
ld: warning: ignoring duplicate libraries: '-lm', 'vcpkg_installed/arm64-osx/debug/lib/libnanosvg.a', 'vcpkg_installed/arm64-osx/debug/lib/libnanosvgrast.a', 'vcpkg_installed/arm64-osx/debug/lib/libz.a'
[175/533] Linking CXX executable tests/test_error_reporting
ld: warning: ignoring duplicate libraries: '-lm', 'vcpkg_installed/arm64-osx/debug/lib/libnanosvg.a', 'vcpkg_installed/arm64-osx/debug/lib/libnanosvgrast.a', 'vcpkg_installed/arm64-osx/debug/lib/libz.a'
[176/533] Linking CXX executable tests/test_atomic_writer
ld: warning: ignoring duplicate libraries: '-lm', 'vcpkg_installed/arm64-osx/debug/lib/libnanosvg.a', 'vcpkg_installed/arm64-osx/debug/lib/libnanosvgrast.a', 'vcpkg_installed/arm64-osx/debug/lib/libz.a'
[177/533] Linking CXX executable tests/test_wal
ld: warning: ignoring duplicate libraries: '-lm', 'vcpkg_installed/arm64-osx/debug/lib/libnanosvg.a', 'vcpkg_installed/arm64-osx/debug/lib/libnanosvgrast.a', 'vcpkg_installed/arm64-osx/debug/lib/libz.a'
[178/533] Linking CXX executable tests/test_telemetry
ld: warning: ignoring duplicate libraries: '-lm', 'vcpkg_installed/arm64-osx/debug/lib/libnanosvg.a', 'vcpkg_installed/arm64-osx/debug/lib/libnanosvgrast.a', 'vcpkg_installed/arm64-osx/debug/lib/libz.a'
[179/533] Linking CXX executable tests/test_safe_mode
ld: warning: ignoring duplicate libraries: '-lm', 'vcpkg_installed/arm64-osx/debug/lib/libnanosvg.a', 'vcpkg_installed/arm64-osx/debug/lib/libnanosvgrast.a', 'vcpkg_installed/arm64-osx/debug/lib/libz.a'
[180/533] Linking CXX executable tests/test_fault_recovery
ld: warning: ignoring duplicate libraries: '-lm', 'vcpkg_installed/arm64-osx/debug/lib/libnanosvg.a', 'vcpkg_installed/arm64-osx/debug/lib/libnanosvgrast.a', 'vcpkg_installed/arm64-osx/debug/lib/libz.a'
[181/533] Linking CXX executable tests/test_enterprise_runtime
ld: warning: ignoring duplicate libraries: '-lm', 'vcpkg_installed/arm64-osx/debug/lib/libnanosvg.a', 'vcpkg_installed/arm64-osx/debug/lib/libnanosvgrast.a', 'vcpkg_installed/arm64-osx/debug/lib/libz.a'
[182/533] Linking CXX executable tests/test_alignment_guides
ld: warning: ignoring duplicate libraries: '-lm', 'vcpkg_installed/arm64-osx/debug/lib/libnanosvg.a', 'vcpkg_installed/arm64-osx/debug/lib/libnanosvgrast.a', 'vcpkg_installed/arm64-osx/debug/lib/libz.a'
[183/533] Linking CXX executable tests/test_asset_service
ld: warning: ignoring duplicate libraries: '-lm', 'vcpkg_installed/arm64-osx/debug/lib/libnanosvg.a', 'vcpkg_installed/arm64-osx/debug/lib/libnanosvgrast.a', 'vcpkg_installed/arm64-osx/debug/lib/libz.a'
[184/533] Linking CXX executable tests/test_attribute_service
ld: warning: ignoring duplicate libraries: '-lm', 'vcpkg_installed/arm64-osx/debug/lib/libnanosvg.a', 'vcpkg_installed/arm64-osx/debug/lib/libnanosvgrast.a', 'vcpkg_installed/arm64-osx/debug/lib/libz.a'
[185/533] Linking CXX executable tests/test_backlink_service
ld: warning: ignoring duplicate libraries: '-lm', 'vcpkg_installed/arm64-osx/debug/lib/libnanosvg.a', 'vcpkg_installed/arm64-osx/debug/lib/libnanosvgrast.a', 'vcpkg_installed/arm64-osx/debug/lib/libz.a'
[186/533] Linking CXX executable tests/test_block_database
ld: warning: ignoring duplicate libraries: '-lm', 'vcpkg_installed/arm64-osx/debug/lib/libnanosvg.a', 'vcpkg_installed/arm64-osx/debug/lib/libnanosvgrast.a', 'vcpkg_installed/arm64-osx/debug/lib/libz.a'
[187/533] Linking CXX executable tests/test_block_service
ld: warning: ignoring duplicate libraries: '-lm', 'vcpkg_installed/arm64-osx/debug/lib/libnanosvg.a', 'vcpkg_installed/arm64-osx/debug/lib/libnanosvgrast.a', 'vcpkg_installed/arm64-osx/debug/lib/libz.a'
[188/533] Linking CXX executable tests/test_block_tree_index
ld: warning: ignoring duplicate libraries: '-lm', 'vcpkg_installed/arm64-osx/debug/lib/libnanosvg.a', 'vcpkg_installed/arm64-osx/debug/lib/libnanosvgrast.a', 'vcpkg_installed/arm64-osx/debug/lib/libz.a'
[189/533] Linking CXX executable tests/test_block_type_detector
ld: warning: ignoring duplicate libraries: '-lm', 'vcpkg_installed/arm64-osx/debug/lib/libnanosvg.a', 'vcpkg_installed/arm64-osx/debug/lib/libnanosvgrast.a', 'vcpkg_installed/arm64-osx/debug/lib/libz.a'
[190/533] Linking CXX executable tests/test_board_template_data
ld: warning: ignoring duplicate libraries: '-lm', 'vcpkg_installed/arm64-osx/debug/lib/libnanosvg.a', 'vcpkg_installed/arm64-osx/debug/lib/libnanosvgrast.a', 'vcpkg_installed/arm64-osx/debug/lib/libz.a'
[191/533] Linking CXX executable tests/test_bookmark_card_data
ld: warning: ignoring duplicate libraries: '-lm', 'vcpkg_installed/arm64-osx/debug/lib/libnanosvg.a', 'vcpkg_installed/arm64-osx/debug/lib/libnanosvgrast.a', 'vcpkg_installed/arm64-osx/debug/lib/libz.a'
[192/533] Linking CXX executable tests/test_bookmark_service
ld: warning: ignoring duplicate libraries: '-lm', 'vcpkg_installed/arm64-osx/debug/lib/libnanosvg.a', 'vcpkg_installed/arm64-osx/debug/lib/libnanosvgrast.a', 'vcpkg_installed/arm64-osx/debug/lib/libz.a'
[193/533] Linking CXX executable tests/test_canvas_commands
ld: warning: ignoring duplicate libraries: '-lm', 'vcpkg_installed/arm64-osx/debug/lib/libnanosvg.a', 'vcpkg_installed/arm64-osx/debug/lib/libnanosvgrast.a', 'vcpkg_installed/arm64-osx/debug/lib/libz.a'
[194/533] Linking CXX executable tests/test_canvas_object
ld: warning: ignoring duplicate libraries: '-lm', 'vcpkg_installed/arm64-osx/debug/lib/libnanosvg.a', 'vcpkg_installed/arm64-osx/debug/lib/libnanosvgrast.a', 'vcpkg_installed/arm64-osx/debug/lib/libz.a'
[195/533] Linking CXX executable tests/test_chunked_storage
ld: warning: ignoring duplicate libraries: '-lm', 'vcpkg_installed/arm64-osx/debug/lib/libnanosvg.a', 'vcpkg_installed/arm64-osx/debug/lib/libnanosvgrast.a', 'vcpkg_installed/arm64-osx/debug/lib/libz.a'
[196/533] Linking CXX executable tests/test_connector_data
ld: warning: ignoring duplicate libraries: '-lm', 'vcpkg_installed/arm64-osx/debug/lib/libnanosvg.a', 'vcpkg_installed/arm64-osx/debug/lib/libnanosvgrast.a', 'vcpkg_installed/arm64-osx/debug/lib/libz.a'
[197/533] Linking CXX executable tests/test_content_indexer
ld: warning: ignoring duplicate libraries: '-lm', 'vcpkg_installed/arm64-osx/debug/lib/libnanosvg.a', 'vcpkg_installed/arm64-osx/debug/lib/libnanosvgrast.a', 'vcpkg_installed/arm64-osx/debug/lib/libz.a'
[198/533] Linking CXX executable tests/test_context_key_service
ld: warning: ignoring duplicate libraries: '-lm', 'vcpkg_installed/arm64-osx/debug/lib/libnanosvg.a', 'vcpkg_installed/arm64-osx/debug/lib/libnanosvgrast.a', 'vcpkg_installed/arm64-osx/debug/lib/libz.a'
[199/533] Linking CXX executable tests/test_daily_note_service
ld: warning: ignoring duplicate libraries: '-lm', 'vcpkg_installed/arm64-osx/debug/lib/libnanosvg.a', 'vcpkg_installed/arm64-osx/debug/lib/libnanosvgrast.a', 'vcpkg_installed/arm64-osx/debug/lib/libz.a'
[200/533] Linking CXX executable tests/test_diagram_shape_data
ld: warning: ignoring duplicate libraries: '-lm', 'vcpkg_installed/arm64-osx/debug/lib/libnanosvg.a', 'vcpkg_installed/arm64-osx/debug/lib/libnanosvgrast.a', 'vcpkg_installed/arm64-osx/debug/lib/libz.a'
[201/533] Linking CXX executable tests/test_diff_engine
ld: warning: ignoring duplicate libraries: '-lm', 'vcpkg_installed/arm64-osx/debug/lib/libnanosvg.a', 'vcpkg_installed/arm64-osx/debug/lib/libnanosvgrast.a', 'vcpkg_installed/arm64-osx/debug/lib/libz.a'
[202/533] Linking CXX executable tests/test_dirty_region
ld: warning: ignoring duplicate libraries: '-lm', 'vcpkg_installed/arm64-osx/debug/lib/libnanosvg.a', 'vcpkg_installed/arm64-osx/debug/lib/libnanosvgrast.a', 'vcpkg_installed/arm64-osx/debug/lib/libz.a'
[203/533] Linking CXX executable tests/test_encoding_detector
ld: warning: ignoring duplicate libraries: '-lm', 'vcpkg_installed/arm64-osx/debug/lib/libnanosvg.a', 'vcpkg_installed/arm64-osx/debug/lib/libnanosvgrast.a', 'vcpkg_installed/arm64-osx/debug/lib/libz.a'
[204/533] Linking CXX executable tests/test_environment_service
ld: warning: ignoring duplicate libraries: '-lm', 'vcpkg_installed/arm64-osx/debug/lib/libnanosvg.a', 'vcpkg_installed/arm64-osx/debug/lib/libnanosvgrast.a', 'vcpkg_installed/arm64-osx/debug/lib/libz.a'
[205/533] Linking CXX executable tests/test_extension_enablement
ld: warning: ignoring duplicate libraries: '-lm', 'vcpkg_installed/arm64-osx/debug/lib/libnanosvg.a', 'vcpkg_installed/arm64-osx/debug/lib/libnanosvgrast.a', 'vcpkg_installed/arm64-osx/debug/lib/libz.a'
[206/533] Linking CXX executable tests/test_extension_events
ld: warning: ignoring duplicate libraries: '-lm', 'vcpkg_installed/arm64-osx/debug/lib/libnanosvg.a', 'vcpkg_installed/arm64-osx/debug/lib/libnanosvgrast.a', 'vcpkg_installed/arm64-osx/debug/lib/libz.a'
[207/533] Linking CXX executable tests/test_extension_host_recovery
ld: warning: ignoring duplicate libraries: '-lm', 'vcpkg_installed/arm64-osx/debug/lib/libnanosvg.a', 'vcpkg_installed/arm64-osx/debug/lib/libnanosvgrast.a', 'vcpkg_installed/arm64-osx/debug/lib/libz.a'
[208/533] Linking CXX executable tests/test_extension_recommendations
ld: warning: ignoring duplicate libraries: '-lm', 'vcpkg_installed/arm64-osx/debug/lib/libnanosvg.a', 'vcpkg_installed/arm64-osx/debug/lib/libnanosvgrast.a', 'vcpkg_installed/arm64-osx/debug/lib/libz.a'
[209/533] Linking CXX executable tests/test_extension_storage
ld: warning: ignoring duplicate libraries: '-lm', 'vcpkg_installed/arm64-osx/debug/lib/libnanosvg.a', 'vcpkg_installed/arm64-osx/debug/lib/libnanosvgrast.a', 'vcpkg_installed/arm64-osx/debug/lib/libz.a'
[210/533] Linking CXX executable tests/test_file_snapshot_service
ld: warning: ignoring duplicate libraries: '-lm', 'vcpkg_installed/arm64-osx/debug/lib/libnanosvg.a', 'vcpkg_installed/arm64-osx/debug/lib/libnanosvgrast.a', 'vcpkg_installed/arm64-osx/debug/lib/libz.a'
[211/533] Linking CXX executable tests/test_frame_arena
ld: warning: ignoring duplicate libraries: '-lm', 'vcpkg_installed/arm64-osx/debug/lib/libnanosvg.a', 'vcpkg_installed/arm64-osx/debug/lib/libnanosvgrast.a', 'vcpkg_installed/arm64-osx/debug/lib/libz.a'
[212/533] Linking CXX executable tests/test_frame_object_data
ld: warning: ignoring duplicate libraries: '-lm', 'vcpkg_installed/arm64-osx/debug/lib/libnanosvg.a', 'vcpkg_installed/arm64-osx/debug/lib/libnanosvgrast.a', 'vcpkg_installed/arm64-osx/debug/lib/libz.a'
[213/533] Linking CXX executable tests/test_glyph_advance_cache
ld: warning: ignoring duplicate libraries: '-lm', 'vcpkg_installed/arm64-osx/debug/lib/libnanosvg.a', 'vcpkg_installed/arm64-osx/debug/lib/libnanosvgrast.a', 'vcpkg_installed/arm64-osx/debug/lib/libz.a'
[214/533] Linking CXX executable tests/test_grouping_service
ld: warning: ignoring duplicate libraries: '-lm', 'vcpkg_installed/arm64-osx/debug/lib/libnanosvg.a', 'vcpkg_installed/arm64-osx/debug/lib/libnanosvgrast.a', 'vcpkg_installed/arm64-osx/debug/lib/libz.a'
[215/533] Linking CXX executable tests/test_hit_test_accelerator
ld: warning: ignoring duplicate libraries: '-lm', 'vcpkg_installed/arm64-osx/debug/lib/libnanosvg.a', 'vcpkg_installed/arm64-osx/debug/lib/libnanosvgrast.a', 'vcpkg_installed/arm64-osx/debug/lib/libz.a'
[216/533] Linking CXX executable tests/test_ial_parser
ld: warning: ignoring duplicate libraries: '-lm', 'vcpkg_installed/arm64-osx/debug/lib/libnanosvg.a', 'vcpkg_installed/arm64-osx/debug/lib/libnanosvgrast.a', 'vcpkg_installed/arm64-osx/debug/lib/libz.a'
[217/533] Linking CXX executable tests/test_image_object_data
ld: warning: ignoring duplicate libraries: '-lm', 'vcpkg_installed/arm64-osx/debug/lib/libnanosvg.a', 'vcpkg_installed/arm64-osx/debug/lib/libnanosvgrast.a', 'vcpkg_installed/arm64-osx/debug/lib/libz.a'
[218/533] Linking CXX executable tests/test_import_types
ld: warning: ignoring duplicate libraries: '-lm', 'vcpkg_installed/arm64-osx/debug/lib/libnanosvg.a', 'vcpkg_installed/arm64-osx/debug/lib/libnanosvgrast.a', 'vcpkg_installed/arm64-osx/debug/lib/libz.a'
[219/533] Linking CXX executable tests/test_incremental_searcher
ld: warning: ignoring duplicate libraries: '-lm', 'vcpkg_installed/arm64-osx/debug/lib/libnanosvg.a', 'vcpkg_installed/arm64-osx/debug/lib/libnanosvgrast.a', 'vcpkg_installed/arm64-osx/debug/lib/libz.a'
[220/533] Linking CXX executable tests/test_incremental_tokenizer
ld: warning: ignoring duplicate libraries: '-lm', 'vcpkg_installed/arm64-osx/debug/lib/libnanosvg.a', 'vcpkg_installed/arm64-osx/debug/lib/libnanosvgrast.a', 'vcpkg_installed/arm64-osx/debug/lib/libz.a'
[221/533] Linking CXX executable tests/test_line_index
ld: warning: ignoring duplicate libraries: '-lm', 'vcpkg_installed/arm64-osx/debug/lib/libnanosvg.a', 'vcpkg_installed/arm64-osx/debug/lib/libnanosvgrast.a', 'vcpkg_installed/arm64-osx/debug/lib/libz.a'
[222/533] Linking CXX executable tests/test_notebook_diff_engine
ld: warning: ignoring duplicate libraries: '-lm', 'vcpkg_installed/arm64-osx/debug/lib/libnanosvg.a', 'vcpkg_installed/arm64-osx/debug/lib/libnanosvgrast.a', 'vcpkg_installed/arm64-osx/debug/lib/libz.a'
[223/533] Linking CXX executable tests/test_notification_service
ld: warning: ignoring duplicate libraries: '-lm', 'vcpkg_installed/arm64-osx/debug/lib/libnanosvg.a', 'vcpkg_installed/arm64-osx/debug/lib/libnanosvgrast.a', 'vcpkg_installed/arm64-osx/debug/lib/libz.a'
[224/533] Linking CXX executable tests/test_outline_service
ld: warning: ignoring duplicate libraries: '-lm', 'vcpkg_installed/arm64-osx/debug/lib/libnanosvg.a', 'vcpkg_installed/arm64-osx/debug/lib/libnanosvgrast.a', 'vcpkg_installed/arm64-osx/debug/lib/libz.a'
[225/533] Linking CXX executable tests/test_pdf_annotation_store
ld: warning: ignoring duplicate libraries: '-lm', 'vcpkg_installed/arm64-osx/debug/lib/libnanosvg.a', 'vcpkg_installed/arm64-osx/debug/lib/libnanosvgrast.a', 'vcpkg_installed/arm64-osx/debug/lib/libz.a'
[226/533] Linking CXX executable tests/test_piece_table
ld: warning: ignoring duplicate libraries: '-lm', 'vcpkg_installed/arm64-osx/debug/lib/libnanosvg.a', 'vcpkg_installed/arm64-osx/debug/lib/libnanosvgrast.a', 'vcpkg_installed/arm64-osx/debug/lib/libz.a'
[227/533] Linking CXX executable tests/test_plugin_context
ld: warning: ignoring duplicate libraries: '-lm', 'vcpkg_installed/arm64-osx/debug/lib/libnanosvg.a', 'vcpkg_installed/arm64-osx/debug/lib/libnanosvgrast.a', 'vcpkg_installed/arm64-osx/debug/lib/libz.a'
[228/533] Linking CXX executable tests/test_plugin_memory_tracker
ld: warning: ignoring duplicate libraries: '-lm', 'vcpkg_installed/arm64-osx/debug/lib/libnanosvg.a', 'vcpkg_installed/arm64-osx/debug/lib/libnanosvgrast.a', 'vcpkg_installed/arm64-osx/debug/lib/libz.a'
[229/533] Linking CXX executable tests/test_plugin_system_phase04
ld: warning: ignoring duplicate libraries: '-lm', 'vcpkg_installed/arm64-osx/debug/lib/libnanosvg.a', 'vcpkg_installed/arm64-osx/debug/lib/libnanosvgrast.a', 'vcpkg_installed/arm64-osx/debug/lib/libz.a'
[230/533] Linking CXX executable tests/test_plugin_safe_call
ld: warning: ignoring duplicate libraries: '-lm', 'vcpkg_installed/arm64-osx/debug/lib/libnanosvg.a', 'vcpkg_installed/arm64-osx/debug/lib/libnanosvgrast.a', 'vcpkg_installed/arm64-osx/debug/lib/libz.a'
[231/533] Linking CXX executable tests/test_progress_service
ld: warning: ignoring duplicate libraries: '-lm', 'vcpkg_installed/arm64-osx/debug/lib/libnanosvg.a', 'vcpkg_installed/arm64-osx/debug/lib/libnanosvgrast.a', 'vcpkg_installed/arm64-osx/debug/lib/libz.a'
[232/533] Linking CXX executable tests/test_query_service
ld: warning: ignoring duplicate libraries: '-lm', 'vcpkg_installed/arm64-osx/debug/lib/libnanosvg.a', 'vcpkg_installed/arm64-osx/debug/lib/libnanosvgrast.a', 'vcpkg_installed/arm64-osx/debug/lib/libz.a'
[233/533] Linking CXX executable tests/test_recent_files
ld: warning: ignoring duplicate libraries: '-lm', 'vcpkg_installed/arm64-osx/debug/lib/libnanosvg.a', 'vcpkg_installed/arm64-osx/debug/lib/libnanosvgrast.a', 'vcpkg_installed/arm64-osx/debug/lib/libz.a'
[234/533] Linking CXX executable tests/test_recent_workspaces
ld: warning: ignoring duplicate libraries: '-lm', 'vcpkg_installed/arm64-osx/debug/lib/libnanosvg.a', 'vcpkg_installed/arm64-osx/debug/lib/libnanosvgrast.a', 'vcpkg_installed/arm64-osx/debug/lib/libz.a'
[235/533] Linking CXX executable tests/test_ref_parser
ld: warning: ignoring duplicate libraries: '-lm', 'vcpkg_installed/arm64-osx/debug/lib/libnanosvg.a', 'vcpkg_installed/arm64-osx/debug/lib/libnanosvgrast.a', 'vcpkg_installed/arm64-osx/debug/lib/libz.a'
[236/533] Linking CXX executable tests/test_ref_resolver
ld: warning: ignoring duplicate libraries: '-lm', 'vcpkg_installed/arm64-osx/debug/lib/libnanosvg.a', 'vcpkg_installed/arm64-osx/debug/lib/libnanosvgrast.a', 'vcpkg_installed/arm64-osx/debug/lib/libz.a'
[237/533] Linking CXX executable tests/test_reference_scanner
ld: warning: ignoring duplicate libraries: '-lm', 'vcpkg_installed/arm64-osx/debug/lib/libnanosvg.a', 'vcpkg_installed/arm64-osx/debug/lib/libnanosvgrast.a', 'vcpkg_installed/arm64-osx/debug/lib/libz.a'
[238/533] Linking CXX executable tests/test_repository_service
ld: warning: ignoring duplicate libraries: '-lm', 'vcpkg_installed/arm64-osx/debug/lib/libnanosvg.a', 'vcpkg_installed/arm64-osx/debug/lib/libnanosvgrast.a', 'vcpkg_installed/arm64-osx/debug/lib/libz.a'
[239/533] Linking CXX executable tests/test_ring_buffer
ld: warning: ignoring duplicate libraries: '-lm', 'vcpkg_installed/arm64-osx/debug/lib/libnanosvg.a', 'vcpkg_installed/arm64-osx/debug/lib/libnanosvgrast.a', 'vcpkg_installed/arm64-osx/debug/lib/libz.a'
[240/533] Linking CXX executable tests/test_search_service
ld: warning: ignoring duplicate libraries: '-lm', 'vcpkg_installed/arm64-osx/debug/lib/libnanosvg.a', 'vcpkg_installed/arm64-osx/debug/lib/libnanosvgrast.a', 'vcpkg_installed/arm64-osx/debug/lib/libz.a'
[241/533] Linking CXX executable tests/test_section_object_data
ld: warning: ignoring duplicate libraries: '-lm', 'vcpkg_installed/arm64-osx/debug/lib/libnanosvg.a', 'vcpkg_installed/arm64-osx/debug/lib/libnanosvgrast.a', 'vcpkg_installed/arm64-osx/debug/lib/libz.a'
[242/533] Linking CXX executable tests/test_shape_data
ld: warning: ignoring duplicate libraries: '-lm', 'vcpkg_installed/arm64-osx/debug/lib/libnanosvg.a', 'vcpkg_installed/arm64-osx/debug/lib/libnanosvgrast.a', 'vcpkg_installed/arm64-osx/debug/lib/libz.a'
[243/533] Linking CXX executable tests/test_shortcut_manager
ld: warning: ignoring duplicate libraries: '-lm', 'vcpkg_installed/arm64-osx/debug/lib/libnanosvg.a', 'vcpkg_installed/arm64-osx/debug/lib/libnanosvgrast.a', 'vcpkg_installed/arm64-osx/debug/lib/libz.a'
[244/533] Linking CXX executable tests/test_snapshot_store
ld: warning: ignoring duplicate libraries: '-lm', 'vcpkg_installed/arm64-osx/debug/lib/libnanosvg.a', 'vcpkg_installed/arm64-osx/debug/lib/libnanosvgrast.a', 'vcpkg_installed/arm64-osx/debug/lib/libz.a'
[245/533] Linking CXX executable tests/test_snippet_engine
ld: warning: ignoring duplicate libraries: '-lm', 'vcpkg_installed/arm64-osx/debug/lib/libnanosvg.a', 'vcpkg_installed/arm64-osx/debug/lib/libnanosvgrast.a', 'vcpkg_installed/arm64-osx/debug/lib/libz.a'
[246/533] Linking CXX executable tests/test_spsc_queue
ld: warning: ignoring duplicate libraries: '-lm', 'vcpkg_installed/arm64-osx/debug/lib/libnanosvg.a', 'vcpkg_installed/arm64-osx/debug/lib/libnanosvgrast.a', 'vcpkg_installed/arm64-osx/debug/lib/libz.a'
[247/533] Linking CXX executable tests/test_sql_query
ld: warning: ignoring duplicate libraries: '-lm', 'vcpkg_installed/arm64-osx/debug/lib/libnanosvg.a', 'vcpkg_installed/arm64-osx/debug/lib/libnanosvgrast.a', 'vcpkg_installed/arm64-osx/debug/lib/libz.a'
[248/533] Linking CXX executable tests/test_stable_line_id
ld: warning: ignoring duplicate libraries: '-lm', 'vcpkg_installed/arm64-osx/debug/lib/libnanosvg.a', 'vcpkg_installed/arm64-osx/debug/lib/libnanosvgrast.a', 'vcpkg_installed/arm64-osx/debug/lib/libz.a'
[249/533] Linking CXX executable tests/test_sticky_note_object
ld: warning: ignoring duplicate libraries: '-lm', 'vcpkg_installed/arm64-osx/debug/lib/libnanosvg.a', 'vcpkg_installed/arm64-osx/debug/lib/libnanosvgrast.a', 'vcpkg_installed/arm64-osx/debug/lib/libz.a'
[250/533] Linking CXX executable tests/test_string_utils
ld: warning: ignoring duplicate libraries: '-lm', 'vcpkg_installed/arm64-osx/debug/lib/libnanosvg.a', 'vcpkg_installed/arm64-osx/debug/lib/libnanosvgrast.a', 'vcpkg_installed/arm64-osx/debug/lib/libz.a'
[251/533] Linking CXX executable tests/test_style_run_store
ld: warning: ignoring duplicate libraries: '-lm', 'vcpkg_installed/arm64-osx/debug/lib/libnanosvg.a', 'vcpkg_installed/arm64-osx/debug/lib/libnanosvgrast.a', 'vcpkg_installed/arm64-osx/debug/lib/libz.a'
[252/533] Linking CXX executable tests/test_surface_link
ld: warning: ignoring duplicate libraries: '-lm', 'vcpkg_installed/arm64-osx/debug/lib/libnanosvg.a', 'vcpkg_installed/arm64-osx/debug/lib/libnanosvgrast.a', 'vcpkg_installed/arm64-osx/debug/lib/libz.a'
[253/533] Linking CXX executable tests/test_template_engine
ld: warning: ignoring duplicate libraries: '-lm', 'vcpkg_installed/arm64-osx/debug/lib/libnanosvg.a', 'vcpkg_installed/arm64-osx/debug/lib/libnanosvgrast.a', 'vcpkg_installed/arm64-osx/debug/lib/libz.a'
[254/533] Linking CXX executable tests/test_template_functions
ld: warning: ignoring duplicate libraries: '-lm', 'vcpkg_installed/arm64-osx/debug/lib/libnanosvg.a', 'vcpkg_installed/arm64-osx/debug/lib/libnanosvgrast.a', 'vcpkg_installed/arm64-osx/debug/lib/libz.a'
[255/533] Linking CXX executable tests/test_template_types
ld: warning: ignoring duplicate libraries: '-lm', 'vcpkg_installed/arm64-osx/debug/lib/libnanosvg.a', 'vcpkg_installed/arm64-osx/debug/lib/libnanosvgrast.a', 'vcpkg_installed/arm64-osx/debug/lib/libz.a'
[256/533] Linking CXX executable tests/test_text_box_object
ld: warning: ignoring duplicate libraries: '-lm', 'vcpkg_installed/arm64-osx/debug/lib/libnanosvg.a', 'vcpkg_installed/arm64-osx/debug/lib/libnanosvgrast.a', 'vcpkg_installed/arm64-osx/debug/lib/libz.a'
[257/533] Linking CXX executable tests/test_text_editor_service
ld: warning: ignoring duplicate libraries: '-lm', 'vcpkg_installed/arm64-osx/debug/lib/libnanosvg.a', 'vcpkg_installed/arm64-osx/debug/lib/libnanosvgrast.a', 'vcpkg_installed/arm64-osx/debug/lib/libz.a'
[258/533] Linking CXX executable tests/test_text_span
ld: warning: ignoring duplicate libraries: '-lm', 'vcpkg_installed/arm64-osx/debug/lib/libnanosvg.a', 'vcpkg_installed/arm64-osx/debug/lib/libnanosvgrast.a', 'vcpkg_installed/arm64-osx/debug/lib/libz.a'
[259/533] Linking CXX executable tests/test_theme_registry
ld: warning: ignoring duplicate libraries: '-lm', 'vcpkg_installed/arm64-osx/debug/lib/libnanosvg.a', 'vcpkg_installed/arm64-osx/debug/lib/libnanosvgrast.a', 'vcpkg_installed/arm64-osx/debug/lib/libz.a'
[260/533] Linking CXX executable tests/test_theme_scope_mapper
ld: warning: ignoring duplicate libraries: '-lm', 'vcpkg_installed/arm64-osx/debug/lib/libnanosvg.a', 'vcpkg_installed/arm64-osx/debug/lib/libnanosvgrast.a', 'vcpkg_installed/arm64-osx/debug/lib/libz.a'
[261/533] Linking CXX executable tests/test_theme_validator
ld: warning: ignoring duplicate libraries: '-lm', 'vcpkg_installed/arm64-osx/debug/lib/libnanosvg.a', 'vcpkg_installed/arm64-osx/debug/lib/libnanosvgrast.a', 'vcpkg_installed/arm64-osx/debug/lib/libz.a'
[262/533] Linking CXX executable tests/test_undo_redo_stack
ld: warning: ignoring duplicate libraries: '-lm', 'vcpkg_installed/arm64-osx/debug/lib/libnanosvg.a', 'vcpkg_installed/arm64-osx/debug/lib/libnanosvgrast.a', 'vcpkg_installed/arm64-osx/debug/lib/libz.a'
[263/533] Linking CXX executable tests/test_viewport_cache
ld: warning: ignoring duplicate libraries: '-lm', 'vcpkg_installed/arm64-osx/debug/lib/libnanosvg.a', 'vcpkg_installed/arm64-osx/debug/lib/libnanosvgrast.a', 'vcpkg_installed/arm64-osx/debug/lib/libz.a'
[264/533] Linking CXX executable tests/test_vscode_theme_adapter
ld: warning: ignoring duplicate libraries: '-lm', 'vcpkg_installed/arm64-osx/debug/lib/libnanosvg.a', 'vcpkg_installed/arm64-osx/debug/lib/libnanosvgrast.a', 'vcpkg_installed/arm64-osx/debug/lib/libz.a'
[265/533] Linking CXX executable tests/test_when_clause
ld: warning: ignoring duplicate libraries: '-lm', 'vcpkg_installed/arm64-osx/debug/lib/libnanosvg.a', 'vcpkg_installed/arm64-osx/debug/lib/libnanosvgrast.a', 'vcpkg_installed/arm64-osx/debug/lib/libz.a'
[266/533] Linking CXX executable tests/test_wiki_link
ld: warning: ignoring duplicate libraries: '-lm', 'vcpkg_installed/arm64-osx/debug/lib/libnanosvg.a', 'vcpkg_installed/arm64-osx/debug/lib/libnanosvgrast.a', 'vcpkg_installed/arm64-osx/debug/lib/libz.a'
[267/533] Linking CXX executable tests/test_wiki_link_parser
ld: warning: ignoring duplicate libraries: '-lm', 'vcpkg_installed/arm64-osx/debug/lib/libnanosvg.a', 'vcpkg_installed/arm64-osx/debug/lib/libnanosvgrast.a', 'vcpkg_installed/arm64-osx/debug/lib/libz.a'
[268/533] Linking CXX executable tests/test_workspace_service
ld: warning: ignoring duplicate libraries: '-lm', 'vcpkg_installed/arm64-osx/debug/lib/libnanosvg.a', 'vcpkg_installed/arm64-osx/debug/lib/libnanosvgrast.a', 'vcpkg_installed/arm64-osx/debug/lib/libz.a'
[269/533] Linking CXX executable tests/test_write_ahead_log
ld: warning: ignoring duplicate libraries: '-lm', 'vcpkg_installed/arm64-osx/debug/lib/libnanosvg.a', 'vcpkg_installed/arm64-osx/debug/lib/libnanosvgrast.a', 'vcpkg_installed/arm64-osx/debug/lib/libz.a'
[270/533] Linking CXX executable tests/test_a_i_panel
ld: warning: ignoring duplicate libraries: '-lm', 'vcpkg_installed/arm64-osx/debug/lib/libnanosvg.a', 'vcpkg_installed/arm64-osx/debug/lib/libnanosvgrast.a', 'vcpkg_installed/arm64-osx/debug/lib/libz.a'
[271/533] Linking CXX executable tests/test_a_i_service
ld: warning: ignoring duplicate libraries: '-lm', 'vcpkg_installed/arm64-osx/debug/lib/libnanosvg.a', 'vcpkg_installed/arm64-osx/debug/lib/libnanosvgrast.a', 'vcpkg_installed/arm64-osx/debug/lib/libz.a'
[272/533] Linking CXX executable tests/test_a_i_types
ld: warning: ignoring duplicate libraries: '-lm', 'vcpkg_installed/arm64-osx/debug/lib/libnanosvg.a', 'vcpkg_installed/arm64-osx/debug/lib/libnanosvgrast.a', 'vcpkg_installed/arm64-osx/debug/lib/libz.a'
[273/533] Linking CXX executable tests/test_accessibility
ld: warning: ignoring duplicate libraries: '-lm', 'vcpkg_installed/arm64-osx/debug/lib/libnanosvg.a', 'vcpkg_installed/arm64-osx/debug/lib/libnanosvgrast.a', 'vcpkg_installed/arm64-osx/debug/lib/libz.a'
[274/533] Linking CXX executable tests/test_accessibility_manager
ld: warning: ignoring duplicate libraries: '-lm', 'vcpkg_installed/arm64-osx/debug/lib/libnanosvg.a', 'vcpkg_installed/arm64-osx/debug/lib/libnanosvgrast.a', 'vcpkg_installed/arm64-osx/debug/lib/libz.a'
[275/533] Linking CXX executable tests/test_adaptive_throttle
ld: warning: ignoring duplicate libraries: '-lm', 'vcpkg_installed/arm64-osx/debug/lib/libnanosvg.a', 'vcpkg_installed/arm64-osx/debug/lib/libnanosvgrast.a', 'vcpkg_installed/arm64-osx/debug/lib/libz.a'
[276/533] Linking CXX executable tests/test_allocator_config
ld: warning: ignoring duplicate libraries: '-lm', 'vcpkg_installed/arm64-osx/debug/lib/libnanosvg.a', 'vcpkg_installed/arm64-osx/debug/lib/libnanosvgrast.a', 'vcpkg_installed/arm64-osx/debug/lib/libz.a'
[277/533] Linking CXX executable tests/test_app_init
ld: warning: ignoring duplicate libraries: '-lm', 'vcpkg_installed/arm64-osx/debug/lib/libnanosvg.a', 'vcpkg_installed/arm64-osx/debug/lib/libnanosvgrast.a', 'vcpkg_installed/arm64-osx/debug/lib/libz.a'
[278/533] Linking CXX executable tests/test_app_state
ld: warning: ignoring duplicate libraries: '-lm', 'vcpkg_installed/arm64-osx/debug/lib/libnanosvg.a', 'vcpkg_installed/arm64-osx/debug/lib/libnanosvgrast.a', 'vcpkg_installed/arm64-osx/debug/lib/libz.a'
[279/533] Linking CXX executable tests/test_app_widget_object
ld: warning: ignoring duplicate libraries: '-lm', 'vcpkg_installed/arm64-osx/debug/lib/libnanosvg.a', 'vcpkg_installed/arm64-osx/debug/lib/libnanosvgrast.a', 'vcpkg_installed/arm64-osx/debug/lib/libz.a'
[280/533] Linking CXX executable tests/test_asset_types
ld: warning: ignoring duplicate libraries: '-lm', 'vcpkg_installed/arm64-osx/debug/lib/libnanosvg.a', 'vcpkg_installed/arm64-osx/debug/lib/libnanosvgrast.a', 'vcpkg_installed/arm64-osx/debug/lib/libz.a'
[281/533] Linking CXX executable tests/test_async_file_loader
ld: warning: ignoring duplicate libraries: '-lm', 'vcpkg_installed/arm64-osx/debug/lib/libnanosvg.a', 'vcpkg_installed/arm64-osx/debug/lib/libnanosvgrast.a', 'vcpkg_installed/arm64-osx/debug/lib/libz.a'
[282/533] Linking CXX executable tests/test_async_highlighter
ld: warning: ignoring duplicate libraries: '-lm', 'vcpkg_installed/arm64-osx/debug/lib/libnanosvg.a', 'vcpkg_installed/arm64-osx/debug/lib/libnanosvgrast.a', 'vcpkg_installed/arm64-osx/debug/lib/libz.a'
[283/533] Linking CXX executable tests/test_async_pipeline
ld: warning: ignoring duplicate libraries: '-lm', 'vcpkg_installed/arm64-osx/debug/lib/libnanosvg.a', 'vcpkg_installed/arm64-osx/debug/lib/libnanosvgrast.a', 'vcpkg_installed/arm64-osx/debug/lib/libz.a'
[284/533] Linking CXX executable tests/test_backlink
ld: warning: ignoring duplicate libraries: '-lm', 'vcpkg_installed/arm64-osx/debug/lib/libnanosvg.a', 'vcpkg_installed/arm64-osx/debug/lib/libnanosvgrast.a', 'vcpkg_installed/arm64-osx/debug/lib/libz.a'
[285/533] Linking CXX executable tests/test_bevel_panel
ld: warning: ignoring duplicate libraries: '-lm', 'vcpkg_installed/arm64-osx/debug/lib/libnanosvg.a', 'vcpkg_installed/arm64-osx/debug/lib/libnanosvgrast.a', 'vcpkg_installed/arm64-osx/debug/lib/libz.a'
[286/533] Linking CXX executable tests/test_block
ld: warning: ignoring duplicate libraries: '-lm', 'vcpkg_installed/arm64-osx/debug/lib/libnanosvg.a', 'vcpkg_installed/arm64-osx/debug/lib/libnanosvgrast.a', 'vcpkg_installed/arm64-osx/debug/lib/libz.a'
[287/533] Linking CXX executable tests/test_block_diff_engine
ld: warning: ignoring duplicate libraries: '-lm', 'vcpkg_installed/arm64-osx/debug/lib/libnanosvg.a', 'vcpkg_installed/arm64-osx/debug/lib/libnanosvgrast.a', 'vcpkg_installed/arm64-osx/debug/lib/libz.a'
[288/533] Linking CXX executable tests/test_block_i_d
ld: warning: ignoring duplicate libraries: '-lm', 'vcpkg_installed/arm64-osx/debug/lib/libnanosvg.a', 'vcpkg_installed/arm64-osx/debug/lib/libnanosvgrast.a', 'vcpkg_installed/arm64-osx/debug/lib/libz.a'
[289/533] Linking CXX executable tests/test_block_ref
ld: warning: ignoring duplicate libraries: '-lm', 'vcpkg_installed/arm64-osx/debug/lib/libnanosvg.a', 'vcpkg_installed/arm64-osx/debug/lib/libnanosvgrast.a', 'vcpkg_installed/arm64-osx/debug/lib/libz.a'
[290/533] Linking CXX executable tests/test_board
ld: warning: ignoring duplicate libraries: '-lm', 'vcpkg_installed/arm64-osx/debug/lib/libnanosvg.a', 'vcpkg_installed/arm64-osx/debug/lib/libnanosvgrast.a', 'vcpkg_installed/arm64-osx/debug/lib/libz.a'
[291/533] Linking CXX executable tests/test_board_navigator
ld: warning: ignoring duplicate libraries: '-lm', 'vcpkg_installed/arm64-osx/debug/lib/libnanosvg.a', 'vcpkg_installed/arm64-osx/debug/lib/libnanosvgrast.a', 'vcpkg_installed/arm64-osx/debug/lib/libz.a'
[292/533] Linking CXX executable tests/test_board_template
ld: warning: ignoring duplicate libraries: '-lm', 'vcpkg_installed/arm64-osx/debug/lib/libnanosvg.a', 'vcpkg_installed/arm64-osx/debug/lib/libnanosvgrast.a', 'vcpkg_installed/arm64-osx/debug/lib/libz.a'
[293/533] Linking CXX executable tests/test_bookmark
ld: warning: ignoring duplicate libraries: '-lm', 'vcpkg_installed/arm64-osx/debug/lib/libnanosvg.a', 'vcpkg_installed/arm64-osx/debug/lib/libnanosvgrast.a', 'vcpkg_installed/arm64-osx/debug/lib/libz.a'
[294/533] Linking CXX executable tests/test_bookmark_card_object
ld: warning: ignoring duplicate libraries: '-lm', 'vcpkg_installed/arm64-osx/debug/lib/libnanosvg.a', 'vcpkg_installed/arm64-osx/debug/lib/libnanosvgrast.a', 'vcpkg_installed/arm64-osx/debug/lib/libz.a'
[295/533] Linking CXX executable tests/test_bounded_container
ld: warning: ignoring duplicate libraries: '-lm', 'vcpkg_installed/arm64-osx/debug/lib/libnanosvg.a', 'vcpkg_installed/arm64-osx/debug/lib/libnanosvgrast.a', 'vcpkg_installed/arm64-osx/debug/lib/libz.a'
[296/533] Linking CXX executable tests/test_built_in_plugins
ld: warning: ignoring duplicate libraries: '-lm', 'vcpkg_installed/arm64-osx/debug/lib/libnanosvg.a', 'vcpkg_installed/arm64-osx/debug/lib/libnanosvgrast.a', 'vcpkg_installed/arm64-osx/debug/lib/libz.a'
[297/533] Linking CXX executable tests/test_built_in_themes
ld: warning: ignoring duplicate libraries: '-lm', 'vcpkg_installed/arm64-osx/debug/lib/libnanosvg.a', 'vcpkg_installed/arm64-osx/debug/lib/libnanosvgrast.a', 'vcpkg_installed/arm64-osx/debug/lib/libz.a'
[298/533] Linking CXX executable tests/test_canvas_app_manifest
ld: warning: ignoring duplicate libraries: '-lm', 'vcpkg_installed/arm64-osx/debug/lib/libnanosvg.a', 'vcpkg_installed/arm64-osx/debug/lib/libnanosvgrast.a', 'vcpkg_installed/arm64-osx/debug/lib/libz.a'
[299/533] Linking CXX executable tests/test_canvas_collab_service
ld: warning: ignoring duplicate libraries: '-lm', 'vcpkg_installed/arm64-osx/debug/lib/libnanosvg.a', 'vcpkg_installed/arm64-osx/debug/lib/libnanosvgrast.a', 'vcpkg_installed/arm64-osx/debug/lib/libz.a'
[300/533] Linking CXX executable tests/test_canvas_input_manager
ld: warning: ignoring duplicate libraries: '-lm', 'vcpkg_installed/arm64-osx/debug/lib/libnanosvg.a', 'vcpkg_installed/arm64-osx/debug/lib/libnanosvgrast.a', 'vcpkg_installed/arm64-osx/debug/lib/libz.a'
[301/533] Linking CXX executable tests/test_canvas_integration_service
ld: warning: ignoring duplicate libraries: '-lm', 'vcpkg_installed/arm64-osx/debug/lib/libnanosvg.a', 'vcpkg_installed/arm64-osx/debug/lib/libnanosvgrast.a', 'vcpkg_installed/arm64-osx/debug/lib/libz.a'
[302/533] Linking CXX executable tests/test_card_factory
ld: warning: ignoring duplicate libraries: '-lm', 'vcpkg_installed/arm64-osx/debug/lib/libnanosvg.a', 'vcpkg_installed/arm64-osx/debug/lib/libnanosvgrast.a', 'vcpkg_installed/arm64-osx/debug/lib/libz.a'
[303/533] Linking CXX executable tests/test_chaos_plugin
ld: warning: ignoring duplicate libraries: '-lm', 'vcpkg_installed/arm64-osx/debug/lib/libnanosvg.a', 'vcpkg_installed/arm64-osx/debug/lib/libnanosvgrast.a', 'vcpkg_installed/arm64-osx/debug/lib/libz.a'
[304/533] Linking CXX executable tests/test_cloud_sync_service
ld: warning: ignoring duplicate libraries: '-lm', 'vcpkg_installed/arm64-osx/debug/lib/libnanosvg.a', 'vcpkg_installed/arm64-osx/debug/lib/libnanosvgrast.a', 'vcpkg_installed/arm64-osx/debug/lib/libz.a'
[305/533] Linking CXX executable tests/test_cloud_sync_types
ld: warning: ignoring duplicate libraries: '-lm', 'vcpkg_installed/arm64-osx/debug/lib/libnanosvg.a', 'vcpkg_installed/arm64-osx/debug/lib/libnanosvgrast.a', 'vcpkg_installed/arm64-osx/debug/lib/libz.a'
[306/533] Linking CXX executable tests/test_coalescing_task
ld: warning: ignoring duplicate libraries: '-lm', 'vcpkg_installed/arm64-osx/debug/lib/libnanosvg.a', 'vcpkg_installed/arm64-osx/debug/lib/libnanosvgrast.a', 'vcpkg_installed/arm64-osx/debug/lib/libz.a'
[307/533] Linking CXX executable tests/test_color
ld: warning: ignoring duplicate libraries: '-lm', 'vcpkg_installed/arm64-osx/debug/lib/libnanosvg.a', 'vcpkg_installed/arm64-osx/debug/lib/libnanosvgrast.a', 'vcpkg_installed/arm64-osx/debug/lib/libz.a'
[308/533] Linking CXX executable tests/test_command
ld: warning: ignoring duplicate libraries: '-lm', 'vcpkg_installed/arm64-osx/debug/lib/libnanosvg.a', 'vcpkg_installed/arm64-osx/debug/lib/libnanosvgrast.a', 'vcpkg_installed/arm64-osx/debug/lib/libz.a'
[309/533] Linking CXX executable tests/test_command_history
ld: warning: ignoring duplicate libraries: '-lm', 'vcpkg_installed/arm64-osx/debug/lib/libnanosvg.a', 'vcpkg_installed/arm64-osx/debug/lib/libnanosvgrast.a', 'vcpkg_installed/arm64-osx/debug/lib/libz.a'
[310/533] Linking CXX executable tests/test_comment_object
ld: warning: ignoring duplicate libraries: '-lm', 'vcpkg_installed/arm64-osx/debug/lib/libnanosvg.a', 'vcpkg_installed/arm64-osx/debug/lib/libnanosvgrast.a', 'vcpkg_installed/arm64-osx/debug/lib/libz.a'
[311/533] Linking CXX executable tests/test_compiler_hints
ld: warning: ignoring duplicate libraries: '-lm', 'vcpkg_installed/arm64-osx/debug/lib/libnanosvg.a', 'vcpkg_installed/arm64-osx/debug/lib/libnanosvgrast.a', 'vcpkg_installed/arm64-osx/debug/lib/libz.a'
[312/533] Linking CXX executable tests/test_config
ld: warning: ignoring duplicate libraries: '-lm', 'vcpkg_installed/arm64-osx/debug/lib/libnanosvg.a', 'vcpkg_installed/arm64-osx/debug/lib/libnanosvgrast.a', 'vcpkg_installed/arm64-osx/debug/lib/libz.a'
[313/533] Linking CXX executable tests/test_config_v9
ld: warning: ignoring duplicate libraries: '-lm', 'vcpkg_installed/arm64-osx/debug/lib/libnanosvg.a', 'vcpkg_installed/arm64-osx/debug/lib/libnanosvgrast.a', 'vcpkg_installed/arm64-osx/debug/lib/libz.a'
[314/533] Linking CXX executable tests/test_theme_v9
ld: warning: ignoring duplicate libraries: '-lm', 'vcpkg_installed/arm64-osx/debug/lib/libnanosvg.a', 'vcpkg_installed/arm64-osx/debug/lib/libnanosvgrast.a', 'vcpkg_installed/arm64-osx/debug/lib/libz.a'
[315/533] Linking CXX executable tests/test_cross_platform
ld: warning: ignoring duplicate libraries: '-lm', 'vcpkg_installed/arm64-osx/debug/lib/libnanosvg.a', 'vcpkg_installed/arm64-osx/debug/lib/libnanosvgrast.a', 'vcpkg_installed/arm64-osx/debug/lib/libz.a'
[316/533] Linking CXX executable tests/test_custom_chrome
ld: warning: ignoring duplicate libraries: '-lm', 'vcpkg_installed/arm64-osx/debug/lib/libnanosvg.a', 'vcpkg_installed/arm64-osx/debug/lib/libnanosvgrast.a', 'vcpkg_installed/arm64-osx/debug/lib/libz.a'
[317/533] Linking CXX executable tests/test_deck_manager
ld: warning: ignoring duplicate libraries: '-lm', 'vcpkg_installed/arm64-osx/debug/lib/libnanosvg.a', 'vcpkg_installed/arm64-osx/debug/lib/libnanosvgrast.a', 'vcpkg_installed/arm64-osx/debug/lib/libz.a'
[318/533] Linking CXX executable tests/test_deck_store
ld: warning: ignoring duplicate libraries: '-lm', 'vcpkg_installed/arm64-osx/debug/lib/libnanosvg.a', 'vcpkg_installed/arm64-osx/debug/lib/libnanosvgrast.a', 'vcpkg_installed/arm64-osx/debug/lib/libz.a'
[319/533] Linking CXX executable tests/test_decoration_service
ld: warning: ignoring duplicate libraries: '-lm', 'vcpkg_installed/arm64-osx/debug/lib/libnanosvg.a', 'vcpkg_installed/arm64-osx/debug/lib/libnanosvgrast.a', 'vcpkg_installed/arm64-osx/debug/lib/libz.a'
[320/533] Linking CXX executable tests/test_dependencies
ld: warning: ignoring duplicate libraries: '-lm', 'vcpkg_installed/arm64-osx/debug/lib/libnanosvg.a', 'vcpkg_installed/arm64-osx/debug/lib/libnanosvgrast.a', 'vcpkg_installed/arm64-osx/debug/lib/libz.a'
[321/533] Linking CXX executable tests/test_diagnostics_service
ld: warning: ignoring duplicate libraries: '-lm', 'vcpkg_installed/arm64-osx/debug/lib/libnanosvg.a', 'vcpkg_installed/arm64-osx/debug/lib/libnanosvgrast.a', 'vcpkg_installed/arm64-osx/debug/lib/libz.a'
[322/533] Linking CXX executable tests/test_diagram_renderer_registry
ld: warning: ignoring duplicate libraries: '-lm', 'vcpkg_installed/arm64-osx/debug/lib/libnanosvg.a', 'vcpkg_installed/arm64-osx/debug/lib/libnanosvgrast.a', 'vcpkg_installed/arm64-osx/debug/lib/libz.a'
[323/533] Linking CXX executable tests/test_diagram_shape_object
ld: warning: ignoring duplicate libraries: '-lm', 'vcpkg_installed/arm64-osx/debug/lib/libnanosvg.a', 'vcpkg_installed/arm64-osx/debug/lib/libnanosvgrast.a', 'vcpkg_installed/arm64-osx/debug/lib/libz.a'
[324/533] Linking CXX executable tests/test_diff_types
ld: warning: ignoring duplicate libraries: '-lm', 'vcpkg_installed/arm64-osx/debug/lib/libnanosvg.a', 'vcpkg_installed/arm64-osx/debug/lib/libnanosvgrast.a', 'vcpkg_installed/arm64-osx/debug/lib/libz.a'
[325/533] Linking CXX executable tests/test_document_file_system
ld: warning: ignoring duplicate libraries: '-lm', 'vcpkg_installed/arm64-osx/debug/lib/libnanosvg.a', 'vcpkg_installed/arm64-osx/debug/lib/libnanosvgrast.a', 'vcpkg_installed/arm64-osx/debug/lib/libz.a'
[326/533] Linking CXX executable tests/test_document_snapshot
ld: warning: ignoring duplicate libraries: '-lm', 'vcpkg_installed/arm64-osx/debug/lib/libnanosvg.a', 'vcpkg_installed/arm64-osx/debug/lib/libnanosvgrast.a', 'vcpkg_installed/arm64-osx/debug/lib/libz.a'
[327/533] Linking CXX executable tests/test_e_charts_renderer
ld: warning: ignoring duplicate libraries: '-lm', 'vcpkg_installed/arm64-osx/debug/lib/libnanosvg.a', 'vcpkg_installed/arm64-osx/debug/lib/libnanosvgrast.a', 'vcpkg_installed/arm64-osx/debug/lib/libz.a'
[328/533] Linking CXX executable tests/test_editor
ld: warning: ignoring duplicate libraries: '-lm', 'vcpkg_installed/arm64-osx/debug/lib/libnanosvg.a', 'vcpkg_installed/arm64-osx/debug/lib/libnanosvgrast.a', 'vcpkg_installed/arm64-osx/debug/lib/libz.a'
[329/533] Linking CXX executable tests/test_editor_controls
ld: warning: ignoring duplicate libraries: '-lm', 'vcpkg_installed/arm64-osx/debug/lib/libnanosvg.a', 'vcpkg_installed/arm64-osx/debug/lib/libnanosvgrast.a', 'vcpkg_installed/arm64-osx/debug/lib/libz.a'
[330/533] Linking CXX executable tests/test_editor_enhancements
ld: warning: ignoring duplicate libraries: '-lm', 'vcpkg_installed/arm64-osx/debug/lib/libnanosvg.a', 'vcpkg_installed/arm64-osx/debug/lib/libnanosvgrast.a', 'vcpkg_installed/arm64-osx/debug/lib/libz.a'
[331/533] Linking CXX executable tests/test_error_reporting_service
ld: warning: ignoring duplicate libraries: '-lm', 'vcpkg_installed/arm64-osx/debug/lib/libnanosvg.a', 'vcpkg_installed/arm64-osx/debug/lib/libnanosvgrast.a', 'vcpkg_installed/arm64-osx/debug/lib/libz.a'
[332/533] Linking CXX executable tests/test_event_bus
ld: warning: ignoring duplicate libraries: '-lm', 'vcpkg_installed/arm64-osx/debug/lib/libnanosvg.a', 'vcpkg_installed/arm64-osx/debug/lib/libnanosvgrast.a', 'vcpkg_installed/arm64-osx/debug/lib/libz.a'
[333/533] Linking CXX executable tests/test_event_type_id
ld: warning: ignoring duplicate libraries: '-lm', 'vcpkg_installed/arm64-osx/debug/lib/libnanosvg.a', 'vcpkg_installed/arm64-osx/debug/lib/libnanosvgrast.a', 'vcpkg_installed/arm64-osx/debug/lib/libz.a'
[334/533] Linking CXX executable tests/test_events
ld: warning: ignoring duplicate libraries: '-lm', 'vcpkg_installed/arm64-osx/debug/lib/libnanosvg.a', 'vcpkg_installed/arm64-osx/debug/lib/libnanosvgrast.a', 'vcpkg_installed/arm64-osx/debug/lib/libz.a'
[335/533] Linking CXX executable tests/test_export_dialog
ld: warning: ignoring duplicate libraries: '-lm', 'vcpkg_installed/arm64-osx/debug/lib/libnanosvg.a', 'vcpkg_installed/arm64-osx/debug/lib/libnanosvgrast.a', 'vcpkg_installed/arm64-osx/debug/lib/libz.a'
[336/533] Linking CXX executable tests/test_export_service
ld: warning: ignoring duplicate libraries: '-lm', 'vcpkg_installed/arm64-osx/debug/lib/libnanosvg.a', 'vcpkg_installed/arm64-osx/debug/lib/libnanosvgrast.a', 'vcpkg_installed/arm64-osx/debug/lib/libz.a'
[337/533] Linking CXX executable tests/test_export_types
ld: warning: ignoring duplicate libraries: '-lm', 'vcpkg_installed/arm64-osx/debug/lib/libnanosvg.a', 'vcpkg_installed/arm64-osx/debug/lib/libnanosvgrast.a', 'vcpkg_installed/arm64-osx/debug/lib/libz.a'
[338/533] Linking CXX executable tests/test_extension_resource_tracker
ld: warning: ignoring duplicate libraries: '-lm', 'vcpkg_installed/arm64-osx/debug/lib/libnanosvg.a', 'vcpkg_installed/arm64-osx/debug/lib/libnanosvgrast.a', 'vcpkg_installed/arm64-osx/debug/lib/libz.a'
[339/533] Linking CXX executable tests/test_extension_sandbox
ld: warning: ignoring duplicate libraries: '-lm', 'vcpkg_installed/arm64-osx/debug/lib/libnanosvg.a', 'vcpkg_installed/arm64-osx/debug/lib/libnanosvgrast.a', 'vcpkg_installed/arm64-osx/debug/lib/libz.a'
[340/533] Linking CXX executable tests/test_extension_telemetry
ld: warning: ignoring duplicate libraries: '-lm', 'vcpkg_installed/arm64-osx/debug/lib/libnanosvg.a', 'vcpkg_installed/arm64-osx/debug/lib/libnanosvgrast.a', 'vcpkg_installed/arm64-osx/debug/lib/libz.a'
[341/533] Linking CXX executable tests/test_fault_domain
ld: warning: ignoring duplicate libraries: '-lm', 'vcpkg_installed/arm64-osx/debug/lib/libnanosvg.a', 'vcpkg_installed/arm64-osx/debug/lib/libnanosvgrast.a', 'vcpkg_installed/arm64-osx/debug/lib/libz.a'
[342/533] Linking CXX executable tests/test_file_node
ld: warning: ignoring duplicate libraries: '-lm', 'vcpkg_installed/arm64-osx/debug/lib/libnanosvg.a', 'vcpkg_installed/arm64-osx/debug/lib/libnanosvgrast.a', 'vcpkg_installed/arm64-osx/debug/lib/libz.a'
[343/533] Linking CXX executable tests/test_file_system
ld: warning: ignoring duplicate libraries: '-lm', 'vcpkg_installed/arm64-osx/debug/lib/libnanosvg.a', 'vcpkg_installed/arm64-osx/debug/lib/libnanosvgrast.a', 'vcpkg_installed/arm64-osx/debug/lib/libz.a'
[344/533] Linking CXX executable tests/test_file_system_provider_registry
ld: warning: ignoring duplicate libraries: '-lm', 'vcpkg_installed/arm64-osx/debug/lib/libnanosvg.a', 'vcpkg_installed/arm64-osx/debug/lib/libnanosvgrast.a', 'vcpkg_installed/arm64-osx/debug/lib/libz.a'
[345/533] Linking CXX executable tests/test_file_tree
ld: warning: ignoring duplicate libraries: '-lm', 'vcpkg_installed/arm64-osx/debug/lib/libnanosvg.a', 'vcpkg_installed/arm64-osx/debug/lib/libnanosvgrast.a', 'vcpkg_installed/arm64-osx/debug/lib/libz.a'
[346/533] Linking CXX executable tests/test_find_replace_service
ld: warning: ignoring duplicate libraries: '-lm', 'vcpkg_installed/arm64-osx/debug/lib/libnanosvg.a', 'vcpkg_installed/arm64-osx/debug/lib/libnanosvgrast.a', 'vcpkg_installed/arm64-osx/debug/lib/libz.a'
[347/533] Linking CXX executable tests/test_flashcard_types
ld: warning: ignoring duplicate libraries: '-lm', 'vcpkg_installed/arm64-osx/debug/lib/libnanosvg.a', 'vcpkg_installed/arm64-osx/debug/lib/libnanosvgrast.a', 'vcpkg_installed/arm64-osx/debug/lib/libz.a'
[348/533] Linking CXX executable tests/test_flat_event_bus
ld: warning: ignoring duplicate libraries: '-lm', 'vcpkg_installed/arm64-osx/debug/lib/libnanosvg.a', 'vcpkg_installed/arm64-osx/debug/lib/libnanosvgrast.a', 'vcpkg_installed/arm64-osx/debug/lib/libz.a'
[349/533] Linking CXX executable tests/test_flowchart_renderer
ld: warning: ignoring duplicate libraries: '-lm', 'vcpkg_installed/arm64-osx/debug/lib/libnanosvg.a', 'vcpkg_installed/arm64-osx/debug/lib/libnanosvgrast.a', 'vcpkg_installed/arm64-osx/debug/lib/libz.a'
[350/533] Linking CXX executable tests/test_force_directed_layout
ld: warning: ignoring duplicate libraries: '-lm', 'vcpkg_installed/arm64-osx/debug/lib/libnanosvg.a', 'vcpkg_installed/arm64-osx/debug/lib/libnanosvgrast.a', 'vcpkg_installed/arm64-osx/debug/lib/libz.a'
[351/533] Linking CXX executable tests/test_frame_budget_enforcer
ld: warning: ignoring duplicate libraries: '-lm', 'vcpkg_installed/arm64-osx/debug/lib/libnanosvg.a', 'vcpkg_installed/arm64-osx/debug/lib/libnanosvgrast.a', 'vcpkg_installed/arm64-osx/debug/lib/libz.a'
[352/533] Linking CXX executable tests/test_frame_budget_token
ld: warning: ignoring duplicate libraries: '-lm', 'vcpkg_installed/arm64-osx/debug/lib/libnanosvg.a', 'vcpkg_installed/arm64-osx/debug/lib/libnanosvgrast.a', 'vcpkg_installed/arm64-osx/debug/lib/libz.a'
[353/533] Linking CXX executable tests/test_frame_scheduler
ld: warning: ignoring duplicate libraries: '-lm', 'vcpkg_installed/arm64-osx/debug/lib/libnanosvg.a', 'vcpkg_installed/arm64-osx/debug/lib/libnanosvgrast.a', 'vcpkg_installed/arm64-osx/debug/lib/libz.a'
[354/533] Linking CXX executable tests/test_generation_counter
ld: warning: ignoring duplicate libraries: '-lm', 'vcpkg_installed/arm64-osx/debug/lib/libnanosvg.a', 'vcpkg_installed/arm64-osx/debug/lib/libnanosvgrast.a', 'vcpkg_installed/arm64-osx/debug/lib/libz.a'
[355/533] Linking CXX executable tests/test_gfm_extensions
ld: warning: ignoring duplicate libraries: '-lm', 'vcpkg_installed/arm64-osx/debug/lib/libnanosvg.a', 'vcpkg_installed/arm64-osx/debug/lib/libnanosvgrast.a', 'vcpkg_installed/arm64-osx/debug/lib/libz.a'
[356/533] Linking CXX executable tests/test_grammar_engine
ld: warning: ignoring duplicate libraries: '-lm', 'vcpkg_installed/arm64-osx/debug/lib/libnanosvg.a', 'vcpkg_installed/arm64-osx/debug/lib/libnanosvgrast.a', 'vcpkg_installed/arm64-osx/debug/lib/libz.a'
[357/533] Linking CXX executable tests/test_graph_service
ld: warning: ignoring duplicate libraries: '-lm', 'vcpkg_installed/arm64-osx/debug/lib/libnanosvg.a', 'vcpkg_installed/arm64-osx/debug/lib/libnanosvgrast.a', 'vcpkg_installed/arm64-osx/debug/lib/libz.a'
[358/533] Linking CXX executable tests/test_graph_types
ld: warning: ignoring duplicate libraries: '-lm', 'vcpkg_installed/arm64-osx/debug/lib/libnanosvg.a', 'vcpkg_installed/arm64-osx/debug/lib/libnanosvgrast.a', 'vcpkg_installed/arm64-osx/debug/lib/libz.a'
[359/533] Linking CXX executable tests/test_grapheme_boundary_cache
ld: warning: ignoring duplicate libraries: '-lm', 'vcpkg_installed/arm64-osx/debug/lib/libnanosvg.a', 'vcpkg_installed/arm64-osx/debug/lib/libnanosvgrast.a', 'vcpkg_installed/arm64-osx/debug/lib/libz.a'
[360/533] Linking CXX executable tests/test_graphviz_renderer
ld: warning: ignoring duplicate libraries: '-lm', 'vcpkg_installed/arm64-osx/debug/lib/libnanosvg.a', 'vcpkg_installed/arm64-osx/debug/lib/libnanosvgrast.a', 'vcpkg_installed/arm64-osx/debug/lib/libz.a'
[361/533] Linking CXX executable tests/test_history_service
ld: warning: ignoring duplicate libraries: '-lm', 'vcpkg_installed/arm64-osx/debug/lib/libnanosvg.a', 'vcpkg_installed/arm64-osx/debug/lib/libnanosvgrast.a', 'vcpkg_installed/arm64-osx/debug/lib/libz.a'
[362/533] Linking CXX executable tests/test_history_types
ld: warning: ignoring duplicate libraries: '-lm', 'vcpkg_installed/arm64-osx/debug/lib/libnanosvg.a', 'vcpkg_installed/arm64-osx/debug/lib/libnanosvgrast.a', 'vcpkg_installed/arm64-osx/debug/lib/libz.a'
[363/533] Linking CXX executable tests/test_html_exporter
ld: warning: ignoring duplicate libraries: '-lm', 'vcpkg_installed/arm64-osx/debug/lib/libnanosvg.a', 'vcpkg_installed/arm64-osx/debug/lib/libnanosvgrast.a', 'vcpkg_installed/arm64-osx/debug/lib/libz.a'
[364/533] Linking CXX executable tests/test_html_importer
ld: warning: ignoring duplicate libraries: '-lm', 'vcpkg_installed/arm64-osx/debug/lib/libnanosvg.a', 'vcpkg_installed/arm64-osx/debug/lib/libnanosvgrast.a', 'vcpkg_installed/arm64-osx/debug/lib/libz.a'
[365/533] Linking CXX executable tests/test_html_renderer
ld: warning: ignoring duplicate libraries: '-lm', 'vcpkg_installed/arm64-osx/debug/lib/libnanosvg.a', 'vcpkg_installed/arm64-osx/debug/lib/libnanosvgrast.a', 'vcpkg_installed/arm64-osx/debug/lib/libz.a'
[366/533] Linking CXX executable tests/test_html_sanitizer
ld: warning: ignoring duplicate libraries: '-lm', 'vcpkg_installed/arm64-osx/debug/lib/libnanosvg.a', 'vcpkg_installed/arm64-osx/debug/lib/libnanosvgrast.a', 'vcpkg_installed/arm64-osx/debug/lib/libz.a'
[367/533] Linking CXX executable tests/test_http_client
ld: warning: ignoring duplicate libraries: '-lm', 'vcpkg_installed/arm64-osx/debug/lib/libnanosvg.a', 'vcpkg_installed/arm64-osx/debug/lib/libnanosvgrast.a', 'vcpkg_installed/arm64-osx/debug/lib/libz.a'
[368/533] Linking CXX executable tests/test_i_a_l_parser
ld: warning: ignoring duplicate libraries: '-lm', 'vcpkg_installed/arm64-osx/debug/lib/libnanosvg.a', 'vcpkg_installed/arm64-osx/debug/lib/libnanosvgrast.a', 'vcpkg_installed/arm64-osx/debug/lib/libz.a'
[369/533] Linking CXX executable tests/test_i_diagram_renderer
ld: warning: ignoring duplicate libraries: '-lm', 'vcpkg_installed/arm64-osx/debug/lib/libnanosvg.a', 'vcpkg_installed/arm64-osx/debug/lib/libnanosvgrast.a', 'vcpkg_installed/arm64-osx/debug/lib/libz.a'
[370/533] Linking CXX executable tests/test_icon_object
ld: warning: ignoring duplicate libraries: '-lm', 'vcpkg_installed/arm64-osx/debug/lib/libnanosvg.a', 'vcpkg_installed/arm64-osx/debug/lib/libnanosvgrast.a', 'vcpkg_installed/arm64-osx/debug/lib/libz.a'
[371/533] Linking CXX executable tests/test_kanban_controller
ld: warning: ignoring duplicate libraries: '-lm', 'vcpkg_installed/arm64-osx/debug/lib/libnanosvg.a', 'vcpkg_installed/arm64-osx/debug/lib/libnanosvgrast.a', 'vcpkg_installed/arm64-osx/debug/lib/libz.a'
[372/533] Linking CXX executable tests/test_kanban_objects
ld: warning: ignoring duplicate libraries: '-lm', 'vcpkg_installed/arm64-osx/debug/lib/libnanosvg.a', 'vcpkg_installed/arm64-osx/debug/lib/libnanosvgrast.a', 'vcpkg_installed/arm64-osx/debug/lib/libz.a'
[373/533] Linking CXX executable tests/test_keyboard_navigation
ld: warning: ignoring duplicate libraries: '-lm', 'vcpkg_installed/arm64-osx/debug/lib/libnanosvg.a', 'vcpkg_installed/arm64-osx/debug/lib/libnanosvgrast.a', 'vcpkg_installed/arm64-osx/debug/lib/libz.a'
[374/533] Linking CXX executable tests/test_layout
ld: warning: ignoring duplicate libraries: '-lm', 'vcpkg_installed/arm64-osx/debug/lib/libnanosvg.a', 'vcpkg_installed/arm64-osx/debug/lib/libnanosvgrast.a', 'vcpkg_installed/arm64-osx/debug/lib/libz.a'
[375/533] Linking CXX executable tests/test_link_suggestion
ld: warning: ignoring duplicate libraries: '-lm', 'vcpkg_installed/arm64-osx/debug/lib/libnanosvg.a', 'vcpkg_installed/arm64-osx/debug/lib/libnanosvgrast.a', 'vcpkg_installed/arm64-osx/debug/lib/libz.a'
[376/533] Linking CXX executable tests/test_mark_amp_app
ld: warning: ignoring duplicate libraries: '-lm', 'vcpkg_installed/arm64-osx/debug/lib/libnanosvg.a', 'vcpkg_installed/arm64-osx/debug/lib/libnanosvgrast.a', 'vcpkg_installed/arm64-osx/debug/lib/libz.a'
[377/533] Linking CXX executable tests/test_markdown_parser
ld: warning: ignoring duplicate libraries: '-lm', 'vcpkg_installed/arm64-osx/debug/lib/libnanosvg.a', 'vcpkg_installed/arm64-osx/debug/lib/libnanosvgrast.a', 'vcpkg_installed/arm64-osx/debug/lib/libz.a'
[378/533] Linking CXX executable tests/test_mermaid_renderer
ld: warning: ignoring duplicate libraries: '-lm', 'vcpkg_installed/arm64-osx/debug/lib/libnanosvg.a', 'vcpkg_installed/arm64-osx/debug/lib/libnanosvgrast.a', 'vcpkg_installed/arm64-osx/debug/lib/libz.a'
[379/533] Linking CXX executable tests/test_metadata_scraper
ld: warning: ignoring duplicate libraries: '-lm', 'vcpkg_installed/arm64-osx/debug/lib/libnanosvg.a', 'vcpkg_installed/arm64-osx/debug/lib/libnanosvgrast.a', 'vcpkg_installed/arm64-osx/debug/lib/libz.a'
[380/533] Linking CXX executable tests/test_mind_map_controller
ld: warning: ignoring duplicate libraries: '-lm', 'vcpkg_installed/arm64-osx/debug/lib/libnanosvg.a', 'vcpkg_installed/arm64-osx/debug/lib/libnanosvgrast.a', 'vcpkg_installed/arm64-osx/debug/lib/libz.a'
[381/533] Linking CXX executable tests/test_mind_map_node
ld: warning: ignoring duplicate libraries: '-lm', 'vcpkg_installed/arm64-osx/debug/lib/libnanosvg.a', 'vcpkg_installed/arm64-osx/debug/lib/libnanosvgrast.a', 'vcpkg_installed/arm64-osx/debug/lib/libz.a'
[382/533] Linking CXX executable tests/test_outline
ld: warning: ignoring duplicate libraries: '-lm', 'vcpkg_installed/arm64-osx/debug/lib/libnanosvg.a', 'vcpkg_installed/arm64-osx/debug/lib/libnanosvgrast.a', 'vcpkg_installed/arm64-osx/debug/lib/libz.a'
[383/533] Linking CXX executable tests/test_p_d_f_importer
ld: warning: ignoring duplicate libraries: '-lm', 'vcpkg_installed/arm64-osx/debug/lib/libnanosvg.a', 'vcpkg_installed/arm64-osx/debug/lib/libnanosvgrast.a', 'vcpkg_installed/arm64-osx/debug/lib/libz.a'
[384/533] Linking CXX executable tests/test_p_d_f_page_object
ld: warning: ignoring duplicate libraries: '-lm', 'vcpkg_installed/arm64-osx/debug/lib/libnanosvg.a', 'vcpkg_installed/arm64-osx/debug/lib/libnanosvgrast.a', 'vcpkg_installed/arm64-osx/debug/lib/libz.a'
[385/533] Linking CXX executable tests/test_plugin_manager
ld: warning: ignoring duplicate libraries: '-lm', 'vcpkg_installed/arm64-osx/debug/lib/libnanosvg.a', 'vcpkg_installed/arm64-osx/debug/lib/libnanosvgrast.a', 'vcpkg_installed/arm64-osx/debug/lib/libz.a'
[386/533] Linking CXX executable tests/test_preview_panel
ld: warning: ignoring duplicate libraries: '-lm', 'vcpkg_installed/arm64-osx/debug/lib/libnanosvg.a', 'vcpkg_installed/arm64-osx/debug/lib/libnanosvgrast.a', 'vcpkg_installed/arm64-osx/debug/lib/libz.a'
[387/533] Linking CXX executable tests/test_profiler
ld: warning: ignoring duplicate libraries: '-lm', 'vcpkg_installed/arm64-osx/debug/lib/libnanosvg.a', 'vcpkg_installed/arm64-osx/debug/lib/libnanosvgrast.a', 'vcpkg_installed/arm64-osx/debug/lib/libz.a'
[388/533] Linking CXX executable tests/test_result
ld: warning: ignoring duplicate libraries: '-lm', 'vcpkg_installed/arm64-osx/debug/lib/libnanosvg.a', 'vcpkg_installed/arm64-osx/debug/lib/libnanosvgrast.a', 'vcpkg_installed/arm64-osx/debug/lib/libz.a'
[389/533] Linking CXX executable tests/test_security
ld: warning: ignoring duplicate libraries: '-lm', 'vcpkg_installed/arm64-osx/debug/lib/libnanosvg.a', 'vcpkg_installed/arm64-osx/debug/lib/libnanosvgrast.a', 'vcpkg_installed/arm64-osx/debug/lib/libz.a'
[390/533] Linking CXX executable tests/test_service_registry
ld: warning: ignoring duplicate libraries: '-lm', 'vcpkg_installed/arm64-osx/debug/lib/libnanosvg.a', 'vcpkg_installed/arm64-osx/debug/lib/libnanosvgrast.a', 'vcpkg_installed/arm64-osx/debug/lib/libz.a'
[391/533] Linking CXX executable tests/test_split_view
ld: warning: ignoring duplicate libraries: '-lm', 'vcpkg_installed/arm64-osx/debug/lib/libnanosvg.a', 'vcpkg_installed/arm64-osx/debug/lib/libnanosvgrast.a', 'vcpkg_installed/arm64-osx/debug/lib/libz.a'
[392/533] Linking CXX executable tests/test_split_view_sync
ld: warning: ignoring duplicate libraries: '-lm', 'vcpkg_installed/arm64-osx/debug/lib/libnanosvg.a', 'vcpkg_installed/arm64-osx/debug/lib/libnanosvgrast.a', 'vcpkg_installed/arm64-osx/debug/lib/libz.a'
[393/533] Linking CXX executable tests/test_tool_window_host
ld: warning: ignoring duplicate libraries: '-lm', 'vcpkg_installed/arm64-osx/debug/lib/libnanosvg.a', 'vcpkg_installed/arm64-osx/debug/lib/libnanosvgrast.a', 'vcpkg_installed/arm64-osx/debug/lib/libz.a'
[394/533] Linking CXX executable tests/test_editor_core_improvements
ld: warning: ignoring duplicate libraries: '-lm', 'vcpkg_installed/arm64-osx/debug/lib/libnanosvg.a', 'vcpkg_installed/arm64-osx/debug/lib/libnanosvgrast.a', 'vcpkg_installed/arm64-osx/debug/lib/libz.a'
[395/533] Linking CXX executable tests/test_status_bar
ld: warning: ignoring duplicate libraries: '-lm', 'vcpkg_installed/arm64-osx/debug/lib/libnanosvg.a', 'vcpkg_installed/arm64-osx/debug/lib/libnanosvgrast.a', 'vcpkg_installed/arm64-osx/debug/lib/libz.a'
[396/533] Linking CXX executable tests/test_syntax_highlighter
ld: warning: ignoring duplicate libraries: '-lm', 'vcpkg_installed/arm64-osx/debug/lib/libnanosvg.a', 'vcpkg_installed/arm64-osx/debug/lib/libnanosvgrast.a', 'vcpkg_installed/arm64-osx/debug/lib/libz.a'
[397/533] Linking CXX executable tests/test_tag
ld: warning: ignoring duplicate libraries: '-lm', 'vcpkg_installed/arm64-osx/debug/lib/libnanosvg.a', 'vcpkg_installed/arm64-osx/debug/lib/libnanosvgrast.a', 'vcpkg_installed/arm64-osx/debug/lib/libz.a'
[398/533] Linking CXX executable tests/test_theme
ld: warning: ignoring duplicate libraries: '-lm', 'vcpkg_installed/arm64-osx/debug/lib/libnanosvg.a', 'vcpkg_installed/arm64-osx/debug/lib/libnanosvgrast.a', 'vcpkg_installed/arm64-osx/debug/lib/libz.a'
[399/533] Linking CXX executable tests/test_theme_engine
ld: warning: ignoring duplicate libraries: '-lm', 'vcpkg_installed/arm64-osx/debug/lib/libnanosvg.a', 'vcpkg_installed/arm64-osx/debug/lib/libnanosvgrast.a', 'vcpkg_installed/arm64-osx/debug/lib/libz.a'
[400/533] Linking CXX executable tests/test_theme_gallery
ld: warning: ignoring duplicate libraries: '-lm', 'vcpkg_installed/arm64-osx/debug/lib/libnanosvg.a', 'vcpkg_installed/arm64-osx/debug/lib/libnanosvgrast.a', 'vcpkg_installed/arm64-osx/debug/lib/libz.a'
[401/533] Linking CXX executable tests/test_theme_import_export
ld: warning: ignoring duplicate libraries: '-lm', 'vcpkg_installed/arm64-osx/debug/lib/libnanosvg.a', 'vcpkg_installed/arm64-osx/debug/lib/libnanosvgrast.a', 'vcpkg_installed/arm64-osx/debug/lib/libz.a'
[402/533] Linking CXX executable tests/test_tile_cache
ld: warning: ignoring duplicate libraries: '-lm', 'vcpkg_installed/arm64-osx/debug/lib/libnanosvg.a', 'vcpkg_installed/arm64-osx/debug/lib/libnanosvgrast.a', 'vcpkg_installed/arm64-osx/debug/lib/libz.a'
[403/533] Linking CXX executable tests/test_video_embed_object
ld: warning: ignoring duplicate libraries: '-lm', 'vcpkg_installed/arm64-osx/debug/lib/libnanosvg.a', 'vcpkg_installed/arm64-osx/debug/lib/libnanosvgrast.a', 'vcpkg_installed/arm64-osx/debug/lib/libz.a'
[404/533] Linking CXX executable tests/test_phase17_navigation
ld: warning: ignoring duplicate libraries: '-lm', 'vcpkg_installed/arm64-osx/debug/lib/libnanosvg.a', 'vcpkg_installed/arm64-osx/debug/lib/libnanosvgrast.a', 'vcpkg_installed/arm64-osx/debug/lib/libz.a'
[405/533] Linking CXX executable tests/test_phase11_canvas
ld: warning: ignoring duplicate libraries: '-lm', 'vcpkg_installed/arm64-osx/debug/lib/libnanosvg.a', 'vcpkg_installed/arm64-osx/debug/lib/libnanosvgrast.a', 'vcpkg_installed/arm64-osx/debug/lib/libz.a'
[406/533] Linking CXX executable tests/test_phase14_canvas_extensibility
ld: warning: ignoring duplicate libraries: '-lm', 'vcpkg_installed/arm64-osx/debug/lib/libnanosvg.a', 'vcpkg_installed/arm64-osx/debug/lib/libnanosvgrast.a', 'vcpkg_installed/arm64-osx/debug/lib/libz.a'
[407/533] Linking CXX executable tests/test_phase15_notebook_completion
ld: warning: ignoring duplicate libraries: '-lm', 'vcpkg_installed/arm64-osx/debug/lib/libnanosvg.a', 'vcpkg_installed/arm64-osx/debug/lib/libnanosvgrast.a', 'vcpkg_installed/arm64-osx/debug/lib/libz.a'
[408/533] Linking CXX executable tests/test_phase20_file_management
ld: warning: ignoring duplicate libraries: '-lm', 'vcpkg_installed/arm64-osx/debug/lib/libnanosvg.a', 'vcpkg_installed/arm64-osx/debug/lib/libnanosvgrast.a', 'vcpkg_installed/arm64-osx/debug/lib/libz.a'
[409/533] Linking CXX executable tests/test_phase21_av_database
ld: warning: ignoring duplicate libraries: '-lm', 'vcpkg_installed/arm64-osx/debug/lib/libnanosvg.a', 'vcpkg_installed/arm64-osx/debug/lib/libnanosvgrast.a', 'vcpkg_installed/arm64-osx/debug/lib/libz.a'
[410/533] Linking CXX executable tests/test_phase22_flashcard_system
ld: warning: ignoring duplicate libraries: '-lm', 'vcpkg_installed/arm64-osx/debug/lib/libnanosvg.a', 'vcpkg_installed/arm64-osx/debug/lib/libnanosvgrast.a', 'vcpkg_installed/arm64-osx/debug/lib/libz.a'
[411/533] Linking CXX executable tests/test_phase23_task_calendar
ld: warning: ignoring duplicate libraries: '-lm', 'vcpkg_installed/arm64-osx/debug/lib/libnanosvg.a', 'vcpkg_installed/arm64-osx/debug/lib/libnanosvgrast.a', 'vcpkg_installed/arm64-osx/debug/lib/libz.a'
[412/533] Linking CXX executable tests/test_phase24_export_publishing
ld: warning: ignoring duplicate libraries: '-lm', 'vcpkg_installed/arm64-osx/debug/lib/libnanosvg.a', 'vcpkg_installed/arm64-osx/debug/lib/libnanosvgrast.a', 'vcpkg_installed/arm64-osx/debug/lib/libz.a'
[413/533] Linking CXX executable tests/test_phase25_version_control
ld: warning: ignoring duplicate libraries: '-lm', 'vcpkg_installed/arm64-osx/debug/lib/libnanosvg.a', 'vcpkg_installed/arm64-osx/debug/lib/libnanosvgrast.a', 'vcpkg_installed/arm64-osx/debug/lib/libz.a'
[414/533] Linking CXX executable tests/test_phase26_ai_integration
ld: warning: ignoring duplicate libraries: '-lm', 'vcpkg_installed/arm64-osx/debug/lib/libnanosvg.a', 'vcpkg_installed/arm64-osx/debug/lib/libnanosvgrast.a', 'vcpkg_installed/arm64-osx/debug/lib/libz.a'
[415/533] Linking CXX executable tests/test_phase27_cloud_sync
ld: warning: ignoring duplicate libraries: '-lm', 'vcpkg_installed/arm64-osx/debug/lib/libnanosvg.a', 'vcpkg_installed/arm64-osx/debug/lib/libnanosvgrast.a', 'vcpkg_installed/arm64-osx/debug/lib/libz.a'
[416/533] Linking CXX executable tests/test_phase34_integration
ld: warning: ignoring duplicate libraries: '-lm', 'vcpkg_installed/arm64-osx/debug/lib/libnanosvg.a', 'vcpkg_installed/arm64-osx/debug/lib/libnanosvgrast.a', 'vcpkg_installed/arm64-osx/debug/lib/libz.a'
[417/533] Linking CXX executable tests/test_phase34_panels
ld: warning: ignoring duplicate libraries: '-lm', 'vcpkg_installed/arm64-osx/debug/lib/libnanosvg.a', 'vcpkg_installed/arm64-osx/debug/lib/libnanosvgrast.a', 'vcpkg_installed/arm64-osx/debug/lib/libz.a'
[418/533] Linking CXX executable tests/test_phase34_rendering
ld: warning: ignoring duplicate libraries: '-lm', 'vcpkg_installed/arm64-osx/debug/lib/libnanosvg.a', 'vcpkg_installed/arm64-osx/debug/lib/libnanosvgrast.a', 'vcpkg_installed/arm64-osx/debug/lib/libz.a'
[419/533] Linking CXX executable tests/test_phase34_canvas
ld: warning: ignoring duplicate libraries: '-lm', 'vcpkg_installed/arm64-osx/debug/lib/libnanosvg.a', 'vcpkg_installed/arm64-osx/debug/lib/libnanosvgrast.a', 'vcpkg_installed/arm64-osx/debug/lib/libz.a'
[420/533] Linking CXX executable tests/test_phase34_eventbus
ld: warning: ignoring duplicate libraries: '-lm', 'vcpkg_installed/arm64-osx/debug/lib/libnanosvg.a', 'vcpkg_installed/arm64-osx/debug/lib/libnanosvgrast.a', 'vcpkg_installed/arm64-osx/debug/lib/libz.a'
[421/533] Linking CXX executable tests/test_phase34_config
ld: warning: ignoring duplicate libraries: '-lm', 'vcpkg_installed/arm64-osx/debug/lib/libnanosvg.a', 'vcpkg_installed/arm64-osx/debug/lib/libnanosvgrast.a', 'vcpkg_installed/arm64-osx/debug/lib/libz.a'
[422/533] Linking CXX executable tests/test_phase34_plugin
ld: warning: ignoring duplicate libraries: '-lm', 'vcpkg_installed/arm64-osx/debug/lib/libnanosvg.a', 'vcpkg_installed/arm64-osx/debug/lib/libnanosvgrast.a', 'vcpkg_installed/arm64-osx/debug/lib/libz.a'
[423/533] Linking CXX executable tests/test_phase34_theme
ld: warning: ignoring duplicate libraries: '-lm', 'vcpkg_installed/arm64-osx/debug/lib/libnanosvg.a', 'vcpkg_installed/arm64-osx/debug/lib/libnanosvgrast.a', 'vcpkg_installed/arm64-osx/debug/lib/libz.a'
[424/533] Linking CXX executable tests/test_phase34_search
ld: warning: ignoring duplicate libraries: '-lm', 'vcpkg_installed/arm64-osx/debug/lib/libnanosvg.a', 'vcpkg_installed/arm64-osx/debug/lib/libnanosvgrast.a', 'vcpkg_installed/arm64-osx/debug/lib/libz.a'
[425/533] Linking CXX executable tests/test_phase34_serial
ld: warning: ignoring duplicate libraries: '-lm', 'vcpkg_installed/arm64-osx/debug/lib/libnanosvg.a', 'vcpkg_installed/arm64-osx/debug/lib/libnanosvgrast.a', 'vcpkg_installed/arm64-osx/debug/lib/libz.a'
[426/533] Linking CXX executable tests/test_phase34_error
ld: warning: ignoring duplicate libraries: '-lm', 'vcpkg_installed/arm64-osx/debug/lib/libnanosvg.a', 'vcpkg_installed/arm64-osx/debug/lib/libnanosvgrast.a', 'vcpkg_installed/arm64-osx/debug/lib/libz.a'
[427/533] Linking CXX executable tests/test_phase34_memory
ld: warning: ignoring duplicate libraries: '-lm', 'vcpkg_installed/arm64-osx/debug/lib/libnanosvg.a', 'vcpkg_installed/arm64-osx/debug/lib/libnanosvgrast.a', 'vcpkg_installed/arm64-osx/debug/lib/libz.a'
[428/533] Linking CXX executable tests/test_phase34_thread
ld: warning: ignoring duplicate libraries: '-lm', 'vcpkg_installed/arm64-osx/debug/lib/libnanosvg.a', 'vcpkg_installed/arm64-osx/debug/lib/libnanosvgrast.a', 'vcpkg_installed/arm64-osx/debug/lib/libz.a'
[429/533] Linking CXX executable tests/test_phase34_regression
ld: warning: ignoring duplicate libraries: '-lm', 'vcpkg_installed/arm64-osx/debug/lib/libnanosvg.a', 'vcpkg_installed/arm64-osx/debug/lib/libnanosvgrast.a', 'vcpkg_installed/arm64-osx/debug/lib/libz.a'
[430/533] Linking CXX executable tests/test_phase34_properties
ld: warning: ignoring duplicate libraries: '-lm', 'vcpkg_installed/arm64-osx/debug/lib/libnanosvg.a', 'vcpkg_installed/arm64-osx/debug/lib/libnanosvgrast.a', 'vcpkg_installed/arm64-osx/debug/lib/libz.a'
[431/533] Linking CXX executable tests/test_phase34_fuzz_parser
ld: warning: ignoring duplicate libraries: '-lm', 'vcpkg_installed/arm64-osx/debug/lib/libnanosvg.a', 'vcpkg_installed/arm64-osx/debug/lib/libnanosvgrast.a', 'vcpkg_installed/arm64-osx/debug/lib/libz.a'
[432/533] Linking CXX executable tests/test_phase34_fuzz_board
ld: warning: ignoring duplicate libraries: '-lm', 'vcpkg_installed/arm64-osx/debug/lib/libnanosvg.a', 'vcpkg_installed/arm64-osx/debug/lib/libnanosvgrast.a', 'vcpkg_installed/arm64-osx/debug/lib/libz.a'
[433/533] Linking CXX executable tests/test_phase34_bench
ld: warning: ignoring duplicate libraries: '-lm', 'vcpkg_installed/arm64-osx/debug/lib/libnanosvg.a', 'vcpkg_installed/arm64-osx/debug/lib/libnanosvgrast.a', 'vcpkg_installed/arm64-osx/debug/lib/libz.a'
[434/533] Linking CXX executable tests/test_phase35_help_system
ld: warning: ignoring duplicate libraries: '-lm', 'vcpkg_installed/arm64-osx/debug/lib/libnanosvg.a', 'vcpkg_installed/arm64-osx/debug/lib/libnanosvgrast.a', 'vcpkg_installed/arm64-osx/debug/lib/libz.a'
[435/533] Linking CXX executable tests/test_phase36_command_system
ld: warning: ignoring duplicate libraries: '-lm', 'vcpkg_installed/arm64-osx/debug/lib/libnanosvg.a', 'vcpkg_installed/arm64-osx/debug/lib/libnanosvgrast.a', 'vcpkg_installed/arm64-osx/debug/lib/libz.a'
[436/533] Linking CXX executable tests/test_phase37_bookmark_asset
ld: warning: ignoring duplicate libraries: '-lm', 'vcpkg_installed/arm64-osx/debug/lib/libnanosvg.a', 'vcpkg_installed/arm64-osx/debug/lib/libnanosvgrast.a', 'vcpkg_installed/arm64-osx/debug/lib/libz.a'
[437/533] Linking CXX executable tests/test_phase38_vault_workspace
ld: warning: ignoring duplicate libraries: '-lm', 'vcpkg_installed/arm64-osx/debug/lib/libnanosvg.a', 'vcpkg_installed/arm64-osx/debug/lib/libnanosvgrast.a', 'vcpkg_installed/arm64-osx/debug/lib/libz.a'
[438/533] Linking CXX executable tests/test_phase39_notification_activity
ld: warning: ignoring duplicate libraries: '-lm', 'vcpkg_installed/arm64-osx/debug/lib/libnanosvg.a', 'vcpkg_installed/arm64-osx/debug/lib/libnanosvgrast.a', 'vcpkg_installed/arm64-osx/debug/lib/libz.a'
[439/533] Linking CXX executable tests/test_phase40_automation_hooks
ld: warning: ignoring duplicate libraries: '-lm', 'vcpkg_installed/arm64-osx/debug/lib/libnanosvg.a', 'vcpkg_installed/arm64-osx/debug/lib/libnanosvgrast.a', 'vcpkg_installed/arm64-osx/debug/lib/libz.a'
[440/533] Linking CXX executable tests/test_phase41_widget_sidebar
ld: warning: ignoring duplicate libraries: '-lm', 'vcpkg_installed/arm64-osx/debug/lib/libnanosvg.a', 'vcpkg_installed/arm64-osx/debug/lib/libnanosvgrast.a', 'vcpkg_installed/arm64-osx/debug/lib/libz.a'
[441/533] Linking CXX executable tests/test_phase42_pdf_import
ld: warning: ignoring duplicate libraries: '-lm', 'vcpkg_installed/arm64-osx/debug/lib/libnanosvg.a', 'vcpkg_installed/arm64-osx/debug/lib/libnanosvgrast.a', 'vcpkg_installed/arm64-osx/debug/lib/libz.a'
[442/533] Linking CXX executable tests/test_phase43_presentation
ld: warning: ignoring duplicate libraries: '-lm', 'vcpkg_installed/arm64-osx/debug/lib/libnanosvg.a', 'vcpkg_installed/arm64-osx/debug/lib/libnanosvgrast.a', 'vcpkg_installed/arm64-osx/debug/lib/libz.a'
[443/533] Linking CXX executable tests/test_phase44_encryption_privacy
ld: warning: ignoring duplicate libraries: '-lm', 'vcpkg_installed/arm64-osx/debug/lib/libnanosvg.a', 'vcpkg_installed/arm64-osx/debug/lib/libnanosvgrast.a', 'vcpkg_installed/arm64-osx/debug/lib/libz.a'
[444/533] Linking CXX executable tests/test_phase46_multi_window
ld: warning: ignoring duplicate libraries: '-lm', 'vcpkg_installed/arm64-osx/debug/lib/libnanosvg.a', 'vcpkg_installed/arm64-osx/debug/lib/libnanosvgrast.a', 'vcpkg_installed/arm64-osx/debug/lib/libz.a'
[445/533] Linking CXX executable tests/test_phase47_localization
ld: warning: ignoring duplicate libraries: '-lm', 'vcpkg_installed/arm64-osx/debug/lib/libnanosvg.a', 'vcpkg_installed/arm64-osx/debug/lib/libnanosvgrast.a', 'vcpkg_installed/arm64-osx/debug/lib/libz.a'
[446/533] Linking CXX executable tests/test_phase48_data_processing
ld: warning: ignoring duplicate libraries: '-lm', 'vcpkg_installed/arm64-osx/debug/lib/libnanosvg.a', 'vcpkg_installed/arm64-osx/debug/lib/libnanosvgrast.a', 'vcpkg_installed/arm64-osx/debug/lib/libz.a'
[447/533] Linking CXX executable tests/test_phase49_integration_testing
ld: warning: ignoring duplicate libraries: '-lm', 'vcpkg_installed/arm64-osx/debug/lib/libnanosvg.a', 'vcpkg_installed/arm64-osx/debug/lib/libnanosvgrast.a', 'vcpkg_installed/arm64-osx/debug/lib/libz.a'
[448/533] Linking CXX executable tests/test_phase50_release_preparation
ld: warning: ignoring duplicate libraries: '-lm', 'vcpkg_installed/arm64-osx/debug/lib/libnanosvg.a', 'vcpkg_installed/arm64-osx/debug/lib/libnanosvgrast.a', 'vcpkg_installed/arm64-osx/debug/lib/libz.a'
[449/533] Linking CXX executable tests/test_theme_control_tokens
ld: warning: ignoring duplicate libraries: '-lm', 'vcpkg_installed/arm64-osx/debug/lib/libnanosvg.a', 'vcpkg_installed/arm64-osx/debug/lib/libnanosvgrast.a', 'vcpkg_installed/arm64-osx/debug/lib/libz.a'
[450/533] Linking CXX executable tests/test_density_hit_targets
FAILED: [code=1] tests/test_density_hit_targets 
: && /usr/bin/c++ -pthread -g -arch arm64 -Wl,-search_paths_first -Wl,-headerpad_max_install_names tests/CMakeFiles/test_density_hit_targets.dir/unit/test_density_hit_targets.cpp.o tests/CMakeFiles/test_density_hit_targets.dir/__/src/ui/LayoutMetrics.cpp.o -o tests/test_density_hit_targets -L/Users/ryanrentfro/code/markamp/build/debug/vcpkg_installed/arm64-osx/debug/lib -Wl,-rpath,/Users/ryanrentfro/code/markamp/build/debug/vcpkg_installed/arm64-osx/debug/lib  vcpkg_installed/arm64-osx/debug/lib/manual-link/libCatch2Maind.a  vcpkg_installed/arm64-osx/debug/lib/libCatch2d.a && :
ld: Undefined symbols:
  markamp::ui::SpacingGrid::set_density(markamp::ui::DensityProfile), referenced from:
      markamp::ui::LayoutMetrics::set_profile(markamp::ui::DensityProfile) in LayoutMetrics.cpp.o
  markamp::ui::ComponentSizeResolver::set_density(markamp::ui::DensityProfile), referenced from:
      markamp::ui::LayoutMetrics::set_profile(markamp::ui::DensityProfile) in LayoutMetrics.cpp.o
  markamp::ui::ComponentSizeResolver::get(), referenced from:
      markamp::ui::LayoutMetrics::set_profile(markamp::ui::DensityProfile) in LayoutMetrics.cpp.o
      markamp::ui::LayoutMetrics::row_height() const in LayoutMetrics.cpp.o
      markamp::ui::LayoutMetrics::tab_height() const in LayoutMetrics.cpp.o
      markamp::ui::LayoutMetrics::toolbar_height() const in LayoutMetrics.cpp.o
      markamp::ui::LayoutMetrics::activity_bar_slot_height() const in LayoutMetrics.cpp.o
      markamp::ui::LayoutMetrics::status_bar_height() const in LayoutMetrics.cpp.o
      markamp::ui::LayoutMetrics::icon_size() const in LayoutMetrics.cpp.o
      ...
  markamp::ui::SpacingGrid::scaled(markamp::ui::SpacingToken) const, referenced from:
      markamp::ui::LayoutMetrics::control_padding_h() const in LayoutMetrics.cpp.o
      markamp::ui::LayoutMetrics::control_padding_v() const in LayoutMetrics.cpp.o
      markamp::ui::LayoutMetrics::control_gap() const in LayoutMetrics.cpp.o
  markamp::ui::ComponentSizeResolver::resolve(markamp::ui::ComponentKind) const, referenced from:
      markamp::ui::LayoutMetrics::row_height() const in LayoutMetrics.cpp.o
      markamp::ui::LayoutMetrics::tab_height() const in LayoutMetrics.cpp.o
      markamp::ui::LayoutMetrics::toolbar_height() const in LayoutMetrics.cpp.o
      markamp::ui::LayoutMetrics::activity_bar_slot_height() const in LayoutMetrics.cpp.o
      markamp::ui::LayoutMetrics::status_bar_height() const in LayoutMetrics.cpp.o
      markamp::ui::LayoutMetrics::icon_size() const in LayoutMetrics.cpp.o
      markamp::ui::LayoutMetrics::icon_size_large() const in LayoutMetrics.cpp.o
      ...
clang: error: linker command failed with exit code 1 (use -v to see invocation)
ninja: build stopped: subcommand failed.
